Selection History,Pedigree,CID,SID,GID,INTRID,Specific Name,Name Abbreviation,Cross Year,Cross Location,Cross Country,Cross Organization,Cross Program,FAO In-trust,Selection Year,Selection Location,Selection Country,Name Country,Name Year
II8156-1M-2R-4M-0Y,PENJAMO T 62/GABO 55,6831,33,775,CWI49377,SIETE CERROS T66,7C,0,,MEXICO,II,BW,Y,0,Y [YAQUI],MEXICO,MEXICO,1966
CMH77A.485-8B-5Y-1B-1Y-0B,AGATHA/3*YECORA F 70,7593,18,2166,G6177,,,1977,A [CRUZA ALTA],MEXICO,CM,BW,Y,0,"B [EL BATAN, EDO DE MEX]",MEXICO,,0
CMH77A.485-8B-5Y-1B-1Y-0B-0MEX,AGATHA/3*YECORA F 70,7593,5,2167,BW11990,OASIS F 86,OASIS,1977,A [CRUZA ALTA],MEXICO,CM,BW,Y,0,MEX [MEXICO],MEXICO,MEXICO,1986
CM8399-D-4M-3Y-1M-1Y-1M-0Y-0MEX,VICAM S 71//CIANO F 67/SIETE CERROS T66/3/KALYANSONA/BLUEBIRD,7624,7,2465,BW20774,PAVON F 76,PVN,0,,MEXICO,CM,BW,Y,0,MEX [MEXICO],MEXICO,MEXICO,1976
CM5287-J-1Y-2M-2Y-3M-0Y-0MEX,TEZANOS PINTOS PRECOZ/PALOMA//SIETE CERROS T66,7401,9,3881,BW11058,NACOZARI F 76,NAC,0,,MEXICO,CM,BW,Y,0,MEX [MEXICO],MEXICO,MEXICO,1976
CM33027-F,KAVKAZ/BUHO//KALYANSONA/BLUEBIRD,7691,1,3889,BW38841,,,0,,MEXICO,CM,BW,N,1982,,,,0
CM33027-F-15M-500Y-0M-87B-0Y-0MEX,KAVKAZ/BUHO//KALYANSONA/BLUEBIRD,7691,50,3895,CWI42023,SERI M 82,SERI,0,,MEXICO,CM,BW,Y,1982,MEX [MEXICO],MEXICO,MEXICO,1982
CM31678-R-4Y-2M-21Y-0M-0MEX,BUCKY/MAYA 74/4/BLUEBIRD//HYBRID DELHI 832/OLESON´S DWARF/3/CIANO F 67/PENJAMO T 62,7027,5,4248,CWI36000,CIANO T 79,CNO79,0,,MEXICO,CM,BW,Y,0,MEX [MEXICO],MEXICO,MEXICO,1979
CM33027-I-2M-1Y-1M-1Y-3M-0Y,KAVKAZ/BUHO//KALYANSONA/BLUEBIRD,7691,33,5131,BW10863,VEERY #6,VEE#6,0,,MEXICO,CM,BW,Y,1983,Y [YAQUI],MEXICO,MEXICO,1983
II18427-4R-1M,II53.388/ANDES//YAKTANA 54/NORIN 10 BREVOR/3/LERMA ROJO/4/B4946.A.4.18.2.1Y/YAQUI 53//3*YAQUI 50,6977,3,6387,BW21469,SONALIKA,SKA,0,,MEXICO,II,BW,Y,0,"M [TOLUCA, EDO DE MEX]",MEXICO,INDIA,1967
CM33027-F-12M-1Y-1M-1Y-1M-0Y,KAVKAZ/BUHO//KALYANSONA/BLUEBIRD,7691,43,12867,BW5076,VEERY #8,VEE#8,0,,MEXICO,CM,BW,Y,1983,Y [YAQUI],MEXICO,MEXICO,1983
CM33027-F-12M-1Y-4M-2Y-2M-0Y-0MEX,KAVKAZ/BUHO//KALYANSONA/BLUEBIRD,7691,16,13098,CWI26996,URES T 81,URES,0,,MEXICO,CM,BW,Y,1981,MEX [MEXICO],MEXICO,MEXICO,1981
SWM4610-2Y-20M-1Y-0M-0MEX,CARIANCA 422/ANAHUAC F 75,7842,4,13302,BW11410,TONICHI S 81,TONI,0,,,SW,BW,Y,0,MEX [MEXICO],MEXICO,MEXICO,1981
CM33027-F-15M-4Y-4M-3Y-2M-1Y-0M,KAVKAZ/BUHO//KALYANSONA/BLUEBIRD,7691,39,13350,BW19056,VEERY #7,VEE#7,0,,MEXICO,CM,BW,Y,1983,"M [TOLUCA, EDO DE MEX]",MEXICO,MEXICO,1983
CM40038-6M-4Y-2M-1Y-2M-1Y-0B-0MEX,BLUEJAY/JUPATECO F 73,7741,7,13396,BW4113,OPATA M 85,OPATA,0,,MEXICO,CM,BW,Y,0,MEX [MEXICO],MEXICO,MEXICO,1985
CM33027-F-8M-1Y-8M-1Y-2M-0Y-0M-0MEX,KAVKAZ/BUHO//KALYANSONA/BLUEBIRD,7691,65,13421,BW27478,GLENNSON M 81,GLEN,0,,MEXICO,CM,BW,Y,1981,MEX [MEXICO],MEXICO,MEXICO,1981
CM33027-F-12M-1Y-12M-1Y-2M-0Y,KAVKAZ/BUHO//KALYANSONA/BLUEBIRD,7691,47,13469,BW3673,VEERY #9,VEE#9,0,,MEXICO,CM,BW,Y,1983,Y [YAQUI],MEXICO,MEXICO,1983
CM41195-A-13M-2Y-3M-1Y-1M-0Y-0MEX,HEIMA/COCORAQUE F 75//NACOZARI F 76,7857,8,13569,BW14569,CUCURPE S 86,CUPE,0,,MEXICO,CM,BW,Y,0,MEX [MEXICO],MEXICO,MEXICO,1986
CM37130-15Y-1M-3Y-0M,TORIM F 73//KALYANSONA/BLUEBIRD,7577,4,13728,BW4105,SONOITA F 81,SNI,0,,MEXICO,CM,BW,Y,0,"M [TOLUCA, EDO DE MEX]",MEXICO,MEXICO,1981
CM30136-3Y-1Y-0M-0MEX,PALOMA/3/INIA F 66/CIANO F 67//CALIDAD/4/BLUEJAY,7676,13,13767,BW6287,TESIA F 79,TSI,0,,MEXICO,CM,BW,Y,0,MEX [MEXICO],MEXICO,MEXICO,1979
CM52359-2M-3Y-1Y-2M-1Y-0M-0MEX,BUCKBUCK/PAVON F 76,7817,6,13954,BW22753,PAPAGO M 86,PGO,0,,MEXICO,CM,BW,Y,0,MEX [MEXICO],MEXICO,MEXICO,1986
CM33483-C-7M-1Y-0M-5B-0Y-0MEX,BLUEBIRD/GALLO//CARPINTERO/3/PAVON F 76,7795,6,14103,BW3725,GALVEZ S 87,GALVEZ,0,,MEXICO,CM,BW,Y,0,MEX [MEXICO],MEXICO,MEXICO,1987
CM31678-R-4Y-2M-500Y-503M-500Y-500M-501Y-0M,BUCKY/MAYA 74/4/BLUEBIRD//HYBRID DELHI 832/OLESON´S DWARF/3/CIANO F 67/PENJAMO T 62,7027,23,14431,BW3642,,,0,,MEXICO,CM,BW,Y,0,"M [TOLUCA, EDO DE MEX]",MEXICO,,0
PAU.ACC.3079-0IND,HD 2252/UP 262,2256,3,15200,CWI45209,HD 2329,HD2329,0,,,PA,BW,Y,0,IND [INDIA],INDIA,INDIA,1985
-0PAK,V763.153,5458,1,15292,BW15958,V763.153,,0,,,OT,BW,Y,0,PAK [PAKISTAN],PAKISTAN,PAKISTAN,0
CM90315-A-2B-2Y-1B-0Y-0MEX,URES T 81*2/PARULA,8195,5,16004,BW21818,RAYON F 89,RAYON,0,,MEXICO,CM,BW,Y,0,MEX [MEXICO],MEXICO,MEXICO,1989
CM67458-4Y-1M-3Y-1M-5Y-0B-0MEX,JUPATECO F 73/BLUEJAY//URES T 81,7896,254,16122,BW29000,BACANORA T 88,BCN,0,,MEXICO,CM,BW,Y,0,MEX [MEXICO],MEXICO,MEXICO,1988
CM43903-H-4Y-1M-1Y-3M-3Y-0B,KAVKAZ/TORIM F 73//POTAM S 70/ANAHUAC F 75,7799,11,16262,BW4159,,,0,,MEXICO,CM,BW,Y,0,"B [EL BATAN, EDO DE MEX]",MEXICO,,0
CM64624-2Y-1M-4Y-0M,PARULA/VEERY #6,7739,4,19627,BW11134,,,0,,MEXICO,CM,BW,Y,0,"M [TOLUCA, EDO DE MEX]",MEXICO,,0
CM64624-2Y-1M-4Y-0M-16Y-0M-0MEX,PARULA/VEERY #6,7739,290,19630,BW21823,CUMPAS T 88,CUMPAS,0,,MEXICO,CM,BW,Y,0,MEX [MEXICO],MEXICO,MEXICO,1988
CM64624-2Y-1M-4Y-0M-34Y-0M-0MEX,PARULA/VEERY #6,7739,6,20010,BW14032,MOCHIS T 88,MO88,0,,MEXICO,CM,BW,Y,0,MEX [MEXICO],MEXICO,MEXICO,1988
CM33027-F-15M-500Y-0M-76B-0Y,KAVKAZ/BUHO//KALYANSONA/BLUEBIRD,7691,85,20424,BW4073,VEERY#5.4,,0,,MEXICO,CM,BW,Y,1984,Y [YAQUI],MEXICO,MEXICO,0
,QUETZAL 75/TANAGER,558,1,20585,BW15223,BL 1135,BL1135,0,,,OT,BW,Y,0,,,,0
CM33202-E-1M-2Y-0M,KAVKAZ//KALYANSONA/BLUEBIRD/3/BONANZA,7114,4,20934,BW7567,GUASAVE F 81,GSV,0,,MEXICO,CM,BW,Y,0,"M [TOLUCA, EDO DE MEX]",MEXICO,MEXICO,1981
CM56744-7Y-2Y-1M-1Y-0M-0MEX,BUCKBUCK/4/TEZANOS PINTOS PRECOZ//IRN46/CIANO F 67/3/PROTOR,7090,5,27001,BW21836,TEPOCA T 89,TEPOCA,0,,MEXICO,CM,BW,Y,0,MEX [MEXICO],MEXICO,MEXICO,1989
-0IND,HD 2160/5/TOBARI F 66/CIANO F 67//BLUEBIRD/3/NAINARI 60*2//TOM THUMB/SONORA 64/4/HD 1954,1382,1,30709,BW32058,HYBRID DELHI 2172,HD2172,0,,INDIA,HD,BW,Y,0,IND [INDIA],INDIA,INDIA,0
II46727-5R-1R-0R-0MEX,"BLUEBIRD/CORRECAMINOS//2*RADIO,MEX",23190,4,31089,BW11840,MEXICO M 82,MEX82,0,,MEXICO,II,BW,Y,0,MEX [MEXICO],MEXICO,MEXICO,1982
CM40457-5M-3Y-1M-3Y-0M,FROCOR/3/MCMURACHY/KENTANA//YAQUI 50/4/ZARAGOZA 75/5/BLUEJAY,7479,9,39359,BW24525,,,0,,MEXICO,CM,BW,Y,0,"M [TOLUCA, EDO DE MEX]",MEXICO,,0
SWM7215-2Y-2Y-0Y-2Y-0Y-41M-0Y,LILIFEN/STURDY//PAVON F 76,7666,15,41263,BW18384,,,0,"M [TOLUCA, EDO DE MEX]",MEXICO,SW,BW,Y,0,Y [YAQUI],MEXICO,,0
CM59123-3M-1Y-2M-1Y-2M-1Y-0M,TEETER/JUNCO,7866,42,41418,BW22110,,,0,,MEXICO,CM,BW,Y,0,"M [TOLUCA, EDO DE MEX]",MEXICO,,0
CM67458-4Y-1M-3Y-1M-2Y-0B,JUPATECO F 73/BLUEJAY//URES T 81,7896,10,41471,BW22128,,,0,,MEXICO,CM,BW,Y,0,"B [EL BATAN, EDO DE MEX]",MEXICO,,0
CM64693-3M-2Y-5M-1Y-0M,BOBWHITE/GENARO T 81,8050,9,41484,BW21240,,,0,,MEXICO,CM,BW,Y,0,"M [TOLUCA, EDO DE MEX]",MEXICO,,0
CM43598-II-8Y-1M-3Y-1M-3Y-0B,JUPATECO F 73/EMU//GRAJO,7776,11,41542,BW22103,,,0,,MEXICO,CM,BW,Y,0,"B [EL BATAN, EDO DE MEX]",MEXICO,,0
CM49641-32Y-4M-3Y-0Y,BUCKBUCK/BLUEJAY,7506,15,41660,BW21822,,,0,,MEXICO,CM,BW,Y,0,Y [YAQUI],MEXICO,,0
CM83271-18Y-1B-5Y-1B-0Y,CIANO T 79/PARULA,8186,24,41669,BW21779,,,0,,MEXICO,CM,BW,Y,0,Y [YAQUI],MEXICO,,0
CM38212-I-7Y-2M-1Y-3M-2Y-0M,HORK/YAMHILL//KALYANSONA/BLUEBIRD,7819,7,41686,BW4419,,,0,,MEXICO,CM,BW,Y,0,"M [TOLUCA, EDO DE MEX]",MEXICO,,0
CM66684-B-1M-6Y-2M-1Y-1M-0Y,4777*2//FKN/GABO 54/3/VEERY #5/4/BUCKBUCK/PAVON F 76,50799,65,41709,BW10728,,,0,,MEXICO,CM,BW,Y,0,Y [YAQUI],MEXICO,,0
CM74849-2M-2Y-3M-2Y-0B-48M-0Y,HERMOSILLO M 77/SAPSUCKER//VEERY,7847,11,41761,BW22215,,,0,,MEXICO,CM,BW,Y,0,Y [YAQUI],MEXICO,,0
CM40392-17M-1Y-0M-44M-0Y,SAPSUCKER/MONCHO,8918,5,41800,BW7469,,,0,,MEXICO,CM,BW,Y,0,Y [YAQUI],MEXICO,,0
CM66246-C-1M-1Y-1M-2Y-0M-36M-0Y,JOSS CAMBIER/EMU//CHIROCA/4/IAS 20//WILLET ENANO*3/NARINO 59/3/KAVKO,7507,12,41804,BW22199,,,0,,MEXICO,CM,BW,Y,0,Y [YAQUI],MEXICO,,0
CM85836-50Y-0M-0Y-3M-0Y,NORD DEPREZ/VG9144//KALYANSONA/BLUEBIRD/3/YACO/4/VEERY #5,8890,34,41948,BW15949,,,0,,MEXICO,CM,BW,Y,0,Y [YAQUI],MEXICO,,0
3B-4Y-1M-0Y-27M-0Y,KATHADIN/NACOZARI F 76,8198,5,42066,BW20446,,,0,,,,BW,Y,0,Y [YAQUI],MEXICO,,0
CM64609-5Y-4M-4Y-0M,ROW 37/GOHLS 121//KALYANSONA/BLUEBIRD/3/KINGLET,7655,8,42076,BW21494,,,0,,MEXICO,CM,BW,Y,0,"M [TOLUCA, EDO DE MEX]",MEXICO,,0
CM49641-9Y-1M-1Y-1Y-0M,BUCKBUCK/BLUEJAY,7506,17,42083,BW4200,,,0,,MEXICO,CM,BW,Y,0,"M [TOLUCA, EDO DE MEX]",MEXICO,,0
CM74849-2M-2Y-3M-2Y-0B-46M-0Y-0MEX,HERMOSILLO M 77/SAPSUCKER//VEERY,7847,9,42174,BW21830,CULIACAN T 89,CLC89,0,,MEXICO,CM,BW,Y,0,MEX [MEXICO],MEXICO,MEXICO,1989
CD58620-12M-4Y-1M-1Y-2B-0Y,IAS 58/4/KALYANSONA/BLUEBIRD//CAJEME F 71/3/ALONDRA/5/YAVAROS 79,8199,6,42237,BW22203,,,0,,MEXICO,CD,DW,Y,0,Y [YAQUI],MEXICO,,0
CM77091-14Y-04M-06Y-3B-1Y-0B,MINIVET/VEERY #5,8946,6,42274,BW13519,,,0,,MEXICO,CM,BW,Y,0,"B [EL BATAN, EDO DE MEX]",MEXICO,,0
CM64609-6Y-3M-1Y-0M,ROW 37/GOHLS 121//KALYANSONA/BLUEBIRD/3/KINGLET,7655,12,43154,BW22119,MATURI,MAT,0,,MEXICO,CM,BW,Y,0,"M [TOLUCA, EDO DE MEX]",MEXICO,MEXICO,0
TR810200-29R-1R-6R-0R,BLUEBIRD/ROBIN-M//CIANO F 67/TOTA 63/3/JARAL F 66,9346,8,43789,BW22208,,,0,,MEXICO,TR,BW,Y,0,"R [ROQUE,GTO]",MEXICO,,0
,TEZANOS PINTOS PRECOZ*2/ANDES 64//INIA F 66/3/CIANO F 67/JARAL F 66//KAVKAZ,7136,15,60900,,,,0,,MEXICO,CM,BW,N,0,,,,0
CM74849-2M-2Y-3M-2Y-0B-36M-0Y,HERMOSILLO M 77/SAPSUCKER//VEERY,7847,7,62114,BW22200,,,0,,MEXICO,CM,BW,Y,0,Y [YAQUI],MEXICO,,0
CM67458-4Y-1M-3Y-1M-0Y,JUPATECO F 73/BLUEJAY//URES T 81,7896,18,62150,BW21507,,,0,,MEXICO,CM,BW,Y,0,Y [YAQUI],MEXICO,,0
CM67458-4Y-1M-3Y-1M-2Y-0B-1Y-0Y,JUPATECO F 73/BLUEJAY//URES T 81,7896,33,62221,BW22730,,,0,,MEXICO,CM,BW,Y,0,Y [YAQUI],MEXICO,,0
CM67458-4Y-1M-3Y-1M-2Y-0B-3Y-0Y,JUPATECO F 73/BLUEJAY//URES T 81,7896,35,62256,BW22216,,,0,,MEXICO,CM,BW,Y,0,Y [YAQUI],MEXICO,,0
CM90320-A-1B-5Y-0B-6M-0Y-0MEX,HAHN*2/PARULA,8109,206,62526,BW29052,BORLAUG M 95,BORL95,0,,MEXICO,CM,BW,Y,0,MEX [MEXICO],MEXICO,MEXICO,1995
CM50070-24Y-1M-1Y-0Y,BUCKBUCK/FLICKER,8122,4,62576,BW4208,,,0,,MEXICO,CM,BW,Y,0,Y [YAQUI],MEXICO,,0
CM59914-4Y-3M-1Y-2M-3Y-2M-0Y,TOROPI//CIANO F 67/NOROESTE F 66/3/BLUEBIRD/CIANO F 67/4/ZARAGOZA 75/5/TITMOUSE,7689,10,62587,BW21223,,,0,,MEXICO,CM,BW,Y,0,Y [YAQUI],MEXICO,,0
CM67395-2H-2E-1E-2E-0B,VEERY/KOEL,8130,5,62603,BW20340,,,0,,MEXICO,CM,BW,Y,0,"B [EL BATAN, EDO DE MEX]",MEXICO,,0
CM84986-H-1M-3Y-3B-0Y,"DWL5023/SUNBIRD,MEX//SUNBIRD,MEX",9704,7,62627,BW20380,,,0,,MEXICO,CM,BW,Y,0,Y [YAQUI],MEXICO,,0
CM85836-4Y-0M-0Y-14M-0Y,NORD DEPREZ/VG9144//KALYANSONA/BLUEBIRD/3/YACO/4/VEERY #5,8890,11,62633,BW20390,,,0,,MEXICO,CM,BW,Y,0,Y [YAQUI],MEXICO,,0
CM67458-4Y-1M-3Y-1M-3Y-0B,JUPATECO F 73/BLUEJAY//URES T 81,7896,12,64869,BW11909,SUPER KAUZ,SKAUZ,0,,MEXICO,CM,BW,Y,0,"B [EL BATAN, EDO DE MEX]",MEXICO,MEXICO,0
CM90320-A-1B-4Y-0B,HAHN*2/PARULA,8109,14,64873,BW20414,,,0,,MEXICO,CM,BW,Y,0,"B [EL BATAN, EDO DE MEX]",MEXICO,,0
CM90312-D-3B-3Y-2B-0Y,CIANO T 79*2/PARULA,8105,92,65038,BW22737,,,0,,MEXICO,CM,BW,Y,0,Y [YAQUI],MEXICO,,0
CRG68-C-10Y-3B-0Y,SERI M 82*3/BUCKBUCK,22781,26,65315,BW22749,,,0,,,CM,BW,Y,0,Y [YAQUI],MEXICO,,0
CMH80.600-4Y-1B-6Y-1B-2Y-1B-0Y,CIANO F 67/2*SUPER X//IMURIS T 79,21650,7,67055,BW22198,,,1980,,MEXICO,,BW,Y,0,Y [YAQUI],MEXICO,,0
CM33203-K-10M-7Y-3M-2Y-1M-0Y,AURORA//KALYANSONA/BLUEBIRD/3/WOODPECKER,7414,7,67929,BW9663,,,0,,MEXICO,CM,BW,Y,0,Y [YAQUI],MEXICO,,0
CM85817-27Y-0M-0Y-7M-0Y,PAPAGO M 86/SERI M 82,9368,26,68052,BW21826,,,0,,MEXICO,CM,BW,Y,0,Y [YAQUI],MEXICO,,0
CIGM81.62-20B-4Y-4B-2Y-2B-1Y-6B-0Y,INIA F 66/TH.DISTICHUM//INIA F 66/3/GENARO T 81,21658,13,68460,BW20430,,,1981,"M [TOLUCA, EDO DE MEX]",MEXICO,CI,BW,Y,0,Y [YAQUI],MEXICO,,0
SWM7215-2Y-2Y-0Y-2Y-0Y-16M-0Y,LILIFEN/STURDY//PAVON F 76,7666,11,70761,BW22205,,,0,"M [TOLUCA, EDO DE MEX]",MEXICO,SW,BW,Y,0,Y [YAQUI],MEXICO,,0
TE82.0021-6Y-05M-0Y-11M-0Y,PARULA II/CM65531,53328,5,76718,BW25194,,,1982,,MEXICO,TE,BW,Y,0,Y [YAQUI],MEXICO,,0
CM85836-45Y-0M-0Y-4M-0Y,NORD DEPREZ/VG9144//KALYANSONA/BLUEBIRD/3/YACO/4/VEERY #5,8890,25,77128,BW22206,,,0,,MEXICO,CM,BW,Y,0,Y [YAQUI],MEXICO,,0
CMH81.634-1Y-3B-4Y-1B-3Y-1B-1Y-0B,CMH74A.630/SUPER X//CIANO T 79,8207,8,77205,BW17322,,,1981,,MEXICO,CM,BW,Y,0,"B [EL BATAN, EDO DE MEX]",MEXICO,,0
CMH83.2281-A-1B-3Y-1B-2Y-0B,CALIDAD/NH//H567.71/3/SERI M 82/4/CALIDAD/NH//H567.71,58904,6,77230,BW17325,,,1983,,MEXICO,CM,BW,Y,0,"B [EL BATAN, EDO DE MEX]",MEXICO,,0
CMH85.151-3Y-1B-1Y-3B-1Y-0B,CMH81.137/CMH81.530,58905,6,77246,BW17327,,,1985,,MEXICO,CM,BW,Y,0,"B [EL BATAN, EDO DE MEX]",MEXICO,,0
CMH85.275-3Y-1B-2Y-1B-4Y-0B,CIANO T 79/2*DWL5023,58908,6,77310,BW17338,,,1985,,MEXICO,CM,BW,Y,0,"B [EL BATAN, EDO DE MEX]",MEXICO,,0
CMH85.2360-A-3B-1Y-1B-3Y-0B,HOJA ERECTA 1/3*CIANO T 79//2*SERI M 82,58910,11,77331,BW17341,,,1985,,MEXICO,CM,BW,Y,0,"B [EL BATAN, EDO DE MEX]",MEXICO,,0
CM85295-0101TOPY-2M-0Y-0M-3Y-0M,PFAU/SERI M 82//BOBWHITE,9329,13,77534,BW28421,,,0,,MEXICO,CM,BW,Y,0,"M [TOLUCA, EDO DE MEX]",MEXICO,,0
CM85795-27Y-0M-0Y-6M-0Y,PFAU/VEERY #5,8889,48,77587,BW18843,,,0,,MEXICO,CM,BW,Y,0,Y [YAQUI],MEXICO,,0
,SW89.3243,72392,0,78690,BW18543,SW89.3243,,1958,,,MI,BW,Y,0,,,,0
CM87526-025TOPM-14Y-0H-0SY-7M-0Y,DUCULA/VEERY,9335,15,80506,BW22197,,,0,,MEXICO,CM,BW,Y,0,Y [YAQUI],MEXICO,,0
CM87688-029TOPM-5Y-0H-0SY-3M-0Y,PAT10/ALONDRA//PAT72300/3/PAVON F 76/4/URES T 81/5/PFAU,9339,19,80662,BW22485,,,0,,MEXICO,CM,BW,Y,0,Y [YAQUI],MEXICO,,0
CM90450-1Y-0M-0Y-3M-0Y,KEA/TOWHEE//LIRA,8654,5,80836,BW22798,,,0,,MEXICO,CM,BW,Y,0,Y [YAQUI],MEXICO,,0
CIGM81.51-26B-2Y-1B-2Y-1B-4Y-1B-0Y,INIA F 66/TH.DISTICHUM//INIA F 66/3/GENARO T 81,9292,8,82710,BW17300,,,1981,"M [TOLUCA, EDO DE MEX]",MEXICO,CI,BW,Y,0,Y [YAQUI],MEXICO,,0
CM85836-50Y-0M-0Y-1M-0Y,NORD DEPREZ/VG9144//KALYANSONA/BLUEBIRD/3/YACO/4/VEERY #5,8890,30,83123,BW20395,,,0,,MEXICO,CM,BW,Y,0,Y [YAQUI],MEXICO,,0
CIGM81.62-20B-4Y-4B-2Y-6B-3Y-6B-0Y,INIA F 66/TH.DISTICHUM//INIA F 66/3/GENARO T 81,21658,56,85244,BW18158,,,1981,"M [TOLUCA, EDO DE MEX]",MEXICO,CI,BW,Y,0,Y [YAQUI],MEXICO,,0
TR780835-1R-1R-1R-0R-0JMJ,TR771773/SALAMANCA 75,8238,5,85331,BW18165,,,0,,,TR,BW,Y,0,JMJ [JESUS MARIA JOSE],MEXICO,,0
CM90312-C-7B-2Y-3B-0Y-1B-0Y,CIANO T 79*2/PARULA,8105,41,85465,BW15408,,,0,,MEXICO,CM,BW,Y,0,Y [YAQUI],MEXICO,,0
CM90722-22Y-0M-0Y-3M-0Y,PARULA/VEERY #6//MYNA/VULTURE,8686,21,85587,BW23532,,,0,,MEXICO,CM,BW,Y,0,Y [YAQUI],MEXICO,,0
CM90722-22Y-0M-0Y-5M-0Y-0MEX,PARULA/VEERY #6//MYNA/VULTURE,8686,1030,85599,BW22188,CHOIX M 95,CHOIX,0,,MEXICO,CM,BW,Y,0,MEX [MEXICO],MEXICO,MEXICO,1995
CM91575-28Y-0M-0Y-1M-0Y,BUCKBUCK/FLICKER//MYNA/VULTURE,8703,41,85637,BW18846,,,0,,MEXICO,CM,BW,Y,0,Y [YAQUI],MEXICO,,0
CM91575-34Y-0M-0Y-5M-0Y,BUCKBUCK/FLICKER//MYNA/VULTURE,8703,67,85646,BW18667,,,0,,MEXICO,CM,BW,Y,0,Y [YAQUI],MEXICO,,0
CM92354-34M-0Y-0M-1Y-0B,TURACO/CHILERO,20570,303,85676,BW18669,,,0,,MEXICO,CM,BW,Y,0,"B [EL BATAN, EDO DE MEX]",MEXICO,,0
CM92377-11M-0Y-0M-1Y-0B,BOBWHITE/PARULA//BUCKBUCK,21243,47,85685,BW18670,,,0,,MEXICO,CM,BW,Y,0,"B [EL BATAN, EDO DE MEX]",MEXICO,,0
CM93687-2Y-0M-0Y-6M-0RES,CHILERO/BUCKBUCK,20573,742,85711,BW18673,,,0,,MEXICO,CM,BW,Y,1989,RES [RESERVA],MEXICO,,0
CM96251-Y-0Y-0M-0Y-1M-0RES,VORONA/BAGULA//BAGULA,20679,536,85741,BW18676,,,0,,MEXICO,CM,BW,Y,1989,RES [RESERVA],MEXICO,,0
CIGM85.32-2Y-2B-1Y-1Y-2B-0Y,NACOZARI F 76/TH.ACUTUM//3*PAVON F 76/3/MIRLO/BUCKBUCK,54395,6,85786,BW18681,,,0,,,,BW,Y,0,Y [YAQUI],MEXICO,,0
CM92354-62M-0Y-0M-3Y-0B-1B-0Y,TURACO/CHILERO,20570,827,85888,BW18688,,,0,,MEXICO,CM,BW,Y,1991,Y [YAQUI],MEXICO,,0
CM92476-4M-0Y-0M-1Y-0B-1B-0Y,MAIORAL/BUCKBUCK//VEERY #7,21248,14,85899,BW18689,,,0,,MEXICO,CM,BW,Y,1991,Y [YAQUI],MEXICO,,0
CM76243-22Y-04M-02Y-2B-1Y-0B,JUPATECO F 73/BLUEJAY//URES T 81,53179,6,86162,BW14066,,,0,,MEXICO,CM,BW,Y,0,"B [EL BATAN, EDO DE MEX]",MEXICO,,0
CM59123-3M-1Y-3M-1Y-2M-1Y-0M,TEETER/JUNCO,7866,24,86230,BW10670,,,0,,MEXICO,CM,BW,Y,0,"M [TOLUCA, EDO DE MEX]",MEXICO,,0
CM39808-58M-2Y-4M-1Y-1M-1Y-0B,HD 2206/HORK,9022,7,86394,BW3795,,,0,,MEXICO,CM,BW,Y,0,"B [EL BATAN, EDO DE MEX]",MEXICO,,0
CM39424-1M-1M-4Y-1M-2Y-1M-0Y,MAYA 74/NACOZARI F 76,8120,7,86490,BW20784,,,0,,MEXICO,CM,BW,Y,0,Y [YAQUI],MEXICO,,0
B186-3XXX-1XXX-3XXX-1XXX,V763.2312/V879.C8//PAVON F 76,72351,12,86783,BW18488,,,0,,,B,BW,Y,0,XXX [Unknown],MEXICO,,0
CM59123-3M-1Y-2M-1Y-3M-0Y,TEETER/JUNCO,7866,52,86954,BW12270,,,0,,MEXICO,CM,BW,Y,0,Y [YAQUI],MEXICO,,0
CM85836-4Y-0M-0Y-6M-0Y,NORD DEPREZ/VG9144//KALYANSONA/BLUEBIRD/3/YACO/4/VEERY #5,8890,5,87107,BW22172,,,0,,MEXICO,CM,BW,Y,0,Y [YAQUI],MEXICO,,0
CM58766-18Y-3M-5Y-2M-0Y,BUCKBUCK/PAVON F 76,8127,5,87507,BW24540,,,0,,MEXICO,CM,BW,Y,0,Y [YAQUI],MEXICO,,0
CM91708-Y-0Y-0M-0Y-2M-0Y,DAVIS 6301/HEINE VII//ERA/3/BUCKBUCK/4/LIRA/5/SPINEBILL,8706,6,88809,BW21652,,,0,,MEXICO,CM,BW,Y,0,Y [YAQUI],MEXICO,,0
CMH82.246-3Y-1B-1Y-2B-1Y-1B-0Y,HOJA ERECTA 1/2*CIANO T 79,21653,7,89242,BW21835,,,1982,,MEXICO,CM,BW,Y,0,Y [YAQUI],MEXICO,,0
CIGM83.7-1B-1Y-2B-0Y,INIA F 66/TH.DISTICHUM//INIA F 66/3/2*CIANO T 79,21659,4,89491,BW21828,,,1983,,,CI,BW,Y,0,Y [YAQUI],MEXICO,,0
CM88930-12Y-0M-0Y-5M-7Y-0B,FUFAN 17/VEERY #5,21594,182,89762,BW18695,,,0,,MEXICO,CM,BW,Y,0,"B [EL BATAN, EDO DE MEX]",MEXICO,,0
CM33027-F-15M-500Y-0M-98B-0Y,KAVKAZ/BUHO//KALYANSONA/BLUEBIRD,7691,166,92207,BW5937,VEE#5.8,,0,,MEXICO,CM,BW,Y,1983,Y [YAQUI],MEXICO,MEXICO,0
CM55651-4Y-2Y-1M-4Y-0M,BLUEJAY/COCORAQUE F 75,8125,5,96413,BW24025,,,0,,MEXICO,CM,BW,Y,0,"M [TOLUCA, EDO DE MEX]",MEXICO,,0
CIGM81.69-16B-4Y-3B-2Y-1B-1Y-5B-0Y,INIA F 66/TH.DISTICHUM//INIA F 66/3/GENARO T 81,21633,32,96458,BW18159,,,1981,"M [TOLUCA, EDO DE MEX]",MEXICO,CI,BW,Y,0,Y [YAQUI],MEXICO,,0
CM90312-D-3B-5Y-1B-0Y,CIANO T 79*2/PARULA,8105,50,96495,BW23524,,,0,,MEXICO,CM,BW,Y,0,Y [YAQUI],MEXICO,,0
CM90526-2M-0Y-0M-3Y-0B,BOBWHITE//BUCKBUCK/BULBUL,8562,411,96501,BW18696,,,0,,MEXICO,CM,BW,Y,0,"B [EL BATAN, EDO DE MEX]",MEXICO,,0
CM33027-F-15M-500Y-0M-110B-0Y,KAVKAZ/BUHO//KALYANSONA/BLUEBIRD,7691,100,96619,BW4077,VEERY#5.10,,0,,MEXICO,CM,BW,Y,1985,Y [YAQUI],MEXICO,MEXICO,0
CM67458-4Y-2M-1Y-1M-3Y-0B-12M-0Y,JUPATECO F 73/BLUEJAY//URES T 81,7896,27,96638,BW20347,,,0,,MEXICO,CM,BW,Y,0,Y [YAQUI],MEXICO,,0
CM39424-1Y-1M-4Y-1M-1Y-1M-0Y,MAYA 74/NACOZARI F 76,8120,14,97120,BW4886,,,0,,MEXICO,CM,BW,Y,0,Y [YAQUI],MEXICO,,0
CM88203-2M-0HOL-0HOL-5M-0RES,NL 456/VEERY #5,8520,78,97127,BW18712,,,0,,MEXICO,CM,BW,Y,0,RES [RESERVA],MEXICO,,0
CM61830-6Y-1M-1Y-1M-6Y-0M,BOBWHITE/PAVON F 76,8310,31,97487,BW8104,,,0,,MEXICO,CM,BW,Y,0,"M [TOLUCA, EDO DE MEX]",MEXICO,,0
,SW89.1862,95644,0,103122,BW25222,SW89.1862,,0,,,OT,BW,Y,0,,,CHINA,0
CM90319-B-3B-4Y-1B-0Y,BOBWHITE*2/PARULA,8107,28,106657,BW23526,,,0,,,CM,BW,Y,0,Y [YAQUI],MEXICO,,0
CM90315-C-1B-3Y-2B-0Y,URES T 81*2/PARULA,8195,33,106844,BW14560,,,0,,MEXICO,CM,BW,Y,0,Y [YAQUI],MEXICO,,0
CRG70-G-9Y-5B-0Y,SERI M 82*3//BUCKBUCK/BLUEJAY,22783,29,106875,BW18850,,,0,,MEXICO,CR,BW,Y,0,Y [YAQUI],MEXICO,,0
CM93697-11M-0Y-0M-6Y-0B,JUPATECO F 73/ZOPILOTE//COCORAQUE F 75/3/PAVON F 76/4/GENARO T 81,20187,164,107017,BW18896,,,0,,MEXICO,CM,BW,Y,0,"B [EL BATAN, EDO DE MEX]",MEXICO,,0
CMSW89Y00308S-12Y-8M-3Y-0B,TJB368.251/BUCKBUCK//CUCURPE S 86,38339,178,107052,BW18900,,,1989,Y [YAQUI],MEXICO,CM,BW,Y,1991,"B [EL BATAN, EDO DE MEX]",MEXICO,,0
CMSW89Y00309-4Y-6M-3Y-0B,TJB368.251/BUCKBUCK//OCORONI F 86,38340,120,107059,BW18901,,,1989,Y [YAQUI],MEXICO,CM,BW,Y,1991,"B [EL BATAN, EDO DE MEX]",MEXICO,,0
,,38344,230,107066,,,,0,,,,,N,0,,,,0
CMSW89Y00366-6Y-1M-1Y-0B,THORNBIRD/KEA//TJB368.251/BUCKBUCK,38377,133,107103,BW18908,,,1989,Y [YAQUI],MEXICO,CM,BW,Y,1991,"B [EL BATAN, EDO DE MEX]",MEXICO,,0
-0NPL,NL 623,95757,7,107131,CWI50993,NL 623,NL623,0,,,OT,BW,Y,0,NPL [NEPAL],NEPAL,NEPAL,0
CM100587-E-0M-0Y-030M-4Y-2Y-0M,WUHAN 1/GLENNSON M 81//TIA.2,19652,40,108014,BW18702,,,0,,MEXICO,CM,BW,Y,1991,"M [TOLUCA, EDO DE MEX]",MEXICO,,0
CM92066-J-0Y-0M-0Y-1M-0Y,BOBWHITE/NACOZARI F 76//VEERY/3/BLUEJAY/COCORAQUE F 75,8626,12,126114,BW17299,,,0,,MEXICO,CM,BW,Y,0,Y [YAQUI],MEXICO,,0
,RAJ1771,113566,0,126308,BW25192,RAJ1771,,0,,,OT,BW,Y,0,,,INDIA,0
,RAJ1777,113567,0,126309,BW25195,RAJ1777,,0,,,OT,BW,Y,0,,,INDIA,0
CM91045-6Y-0M-0Y-2M-6Y-0B-2M-0HER,CHUAN MAI 18/BAGULA,21597,476,130562,BW22321,,,0,,MEXICO,CM,BW,Y,0,HER [HERMOSILLO],MEXICO,,0
CM33027-F-15M-500Y-0M-75B-0Y,KAVKAZ/BUHO//KALYANSONA/BLUEBIRD,7691,260,133128,BW3678,VEE#5.3,,0,,MEXICO,CM,BW,Y,1981,Y [YAQUI],MEXICO,MEXICO,0
CM109739-0M-0Y-0M-5Y-0B,TRAP #1/BOBWHITE//PFAU,27324,43,143023,BW25220,,,0,,MEXICO,,BW,Y,1991,"B [EL BATAN, EDO DE MEX]",MEXICO,,0
CMBW89Y3166-8Y-010M-3Y-0M,VORONA/CIANO T 79//KAUZ,48579,21,143058,BW25394,,,1989,Y [YAQUI],MEXICO,CM,BW,Y,1991,"M [TOLUCA, EDO DE MEX]",MEXICO,,0
CRG737-1Y-010M-0Y,KAUZ*2/OPATA M 85//KAUZ,65866,5,143067,BW25218,,,0,,,CR,BW,Y,0,Y [YAQUI],MEXICO,,0
CM100587-E-0M-0Y-030M-2Y-2Y-0M-24B-010Y-0B,WUHAN 1/GLENNSON M 81//TIA.2,19652,451,143808,BW25210,,,0,,MEXICO,CM,BW,Y,0,"B [EL BATAN, EDO DE MEX]",MEXICO,,0
CM100587-E-0M-0Y-030M-5Y-2Y-0M-30B-010Y-0B,WUHAN 1/GLENNSON M 81//TIA.2,19652,455,143844,BW25214,,,0,,MEXICO,CM,BW,Y,0,"B [EL BATAN, EDO DE MEX]",MEXICO,,0
CM90320-A-1B-5Y-0B-6B-0Y,HAHN*2/PARULA,8109,82,143989,BW38848,,,0,,MEXICO,CM,BW,N,0,Y [YAQUI],MEXICO,,0
CM92066-J-0Y-0M-0Y-2M-0Y,BOBWHITE/NACOZARI F 76//VEERY/3/BLUEJAY/COCORAQUE F 75,8626,14,144880,BW22743,,,0,,MEXICO,CM,BW,Y,0,Y [YAQUI],MEXICO,,0
CIGM90.248-1Y-2B-11Y-0B,CROCETHIA_1/AE.SQUARROSA (205)//KAUZ,111987,12,167864,BW26853,,,1990,"M [TOLUCA, EDO DE MEX]",MEXICO,CI,BW,Y,0,"B [EL BATAN, EDO DE MEX]",MEXICO,,0
CRG178.2-44B-0Y-030M-030M-9Y-0M,KAUZ/GENARO T 81,19923,186,168060,BW25525,,,0,,MEXICO,CR,BW,Y,0,"M [TOLUCA, EDO DE MEX]",MEXICO,,0
CM93697-11M-0Y-0M-5Y-0B,JUPATECO F 73/ZOPILOTE//COCORAQUE F 75/3/PAVON F 76/4/GENARO T 81,20187,163,168154,BW22838,,,0,,MEXICO,CM,BW,Y,0,"B [EL BATAN, EDO DE MEX]",MEXICO,,0
CMSW89Y00344S-2Y-5M-1Y-0B,CUCURPE S 86//TJB368.251/BUCKBUCK,38358,124,168524,BW27252,,,1989,Y [YAQUI],MEXICO,CM,BW,Y,1991,"B [EL BATAN, EDO DE MEX]",MEXICO,,0
CRG674-0Y-0B-0Y-1B-0Y-0Y,CIANO F 67/SONORA 64//CIANO F 67/INIA F 66/3/PAVON F 76/4/CANASTERO/5/YECORA F 70,122665,6,168614,BW38863,,,0,,,,BW,N,0,Y [YAQUI],MEXICO,,0
TE82.0021-6Y-05M-0Y-7M-0Y,PARULA II/CM65531,53328,23,168912,BW15449,,,1982,,MEXICO,TE,BW,Y,0,Y [YAQUI],MEXICO,,0
CM96818-I-0Y-0M-0B-2Y-1Y-0M,URES T 81/JUNCO//KAUZ,20894,92,168924,BW25204,,,0,,MEXICO,CM,BW,Y,1991,"M [TOLUCA, EDO DE MEX]",MEXICO,,0
CM96818-I-0Y-0M-0B-2Y-2Y-0M,URES T 81/JUNCO//KAUZ,20894,93,168928,BW29813,,,0,,MEXICO,CM,BW,Y,1991,"M [TOLUCA, EDO DE MEX]",MEXICO,,0
CM96818-I-0Y-0M-0B-5Y-3Y-0M,URES T 81/JUNCO//KAUZ,20894,99,168939,BW25209,,,0,,MEXICO,CM,BW,Y,1991,"M [TOLUCA, EDO DE MEX]",MEXICO,,0
CM108805-0TOPM-2Y-020Y-010M-1Y-0M,KAUZ/CMH77.308//BAGULA,11919,10,168945,BW27244,,,0,,MEXICO,,BW,Y,1991,"M [TOLUCA, EDO DE MEX]",MEXICO,,0
CMSW89Y00308S-8Y-2M-3Y-0B,TJB368.251/BUCKBUCK//CUCURPE S 86,38339,167,168979,BW25122,,,1989,Y [YAQUI],MEXICO,CM,BW,Y,1991,"B [EL BATAN, EDO DE MEX]",MEXICO,,0
CM90320-A-1B-5Y-0B-6M-0Y-0KEN,HAHN*2/PARULA,8109,94,169164,BW25191,,,0,,MEXICO,CM,BW,Y,1992,KEN [KENYA],KENYA,,0
CMBW89Y3528-5Y-010M-010Y-22M-2Y-0M,CHEN/AEGILOPS SQUARROSA (TAUS)//BACANORA T 88,53353,512,170744,BW38862,,,1989,Y [YAQUI],MEXICO,CM,BW,N,1992,"M [TOLUCA, EDO DE MEX]",MEXICO,,0
CM91045-6Y-0M-0Y-2M-4Y-0B,CHUAN MAI 18/BAGULA,21597,194,170862,BW23534,,,0,,MEXICO,CM,BW,Y,0,"B [EL BATAN, EDO DE MEX]",MEXICO,,0
CRG873-5Y-010M-0Y,KAUZ*2/YACO//KAUZ,65950,13,214589,BW25211,,,0,,,CR,BW,Y,0,Y [YAQUI],MEXICO,,0
CRG905-13Y-010M-0Y,KAUZ*2/BOBWHITE//KAUZ,65968,22,217385,BW29853,,,0,,,CR,BW,Y,0,Y [YAQUI],MEXICO,,0
CM90591-35Y-0M-0Y-1M-0Y,PARULA/TONICHI S 81//CHILERO,8832,31,217451,BW25223,NL 682,NL682,0,,MEXICO,CM,BW,Y,0,Y [YAQUI],MEXICO,NEPAL,0
CM90591-35Y-0H-0Y-2B-0B-0B,PARULA/TONICHI S 81//CHILERO,8832,27,217562,BW33106,BL 1496,,0,,MEXICO,CM,BW,Y,0,"B [EL BATAN, EDO DE MEX]",MEXICO,NEPAL,0
-0IND,GALLO/AUSII61.157//CIANO F 67/NOROESTE F 66/3/VEERY,4637,1,217726,BW28392,CPAN 3004,CP3004,0,,,OT,BW,Y,0,IND [INDIA],INDIA,INDIA,1989
-0IND,UP 368/VL GEHUN 421//UP 262,162515,1,217743,BW27274,,,0,,INDIA,OT,BW,Y,0,IND [INDIA],INDIA,,0
CM67458-0IND,JUPATECO F 73/BLUEJAY//URES T 81,7896,281,217748,BW32009,WH 542,WH 542,0,,MEXICO,CM,BW,Y,0,IND [INDIA],INDIA,INDIA,0
-0IND,MALAVIYA 12*2/SPARROW,84629,2,217754,BW27271,,,0,,INDIA,PA,BW,Y,0,IND [INDIA],INDIA,,0
BDJOY623-1JO-1JO-0JO-0BGD,BARKAT/BULBUL,165960,4,217777,BW38867,,,0,,,BD,BW,N,0,BGD [BANGLADESH],BANGLADESH,,0
CM112793-0TOPY-22M-020Y-010M-1Y-010M-10Y-0M,CHILERO/2*STAR,31155,187,218554,BW27248,,,0,,MEXICO,CM,BW,Y,1992,"M [TOLUCA, EDO DE MEX]",MEXICO,,0
CMBW89Y01234T-0TOPM-18Y-010M-4Y-010M-2Y-0M,MYNA/VULTURE//2*TURACO,49437,103,218794,BW38858,,,1989,Y [YAQUI],MEXICO,CM,BW,N,1992,"M [TOLUCA, EDO DE MEX]",MEXICO,,0
-0CHN,MS SONG,95648,1,220384,BW19763,,,0,,,OT,BW,Y,0,CHN [CHINA],CHINA,,0
-0CHN,SW91-12331,94872,2,220399,BW19501,,,0,,,OT,BW,Y,0,CHN [CHINA],CHINA,,0
CM92313-7Y-0M-0Y-3M-0RES,CIANO T 79/PARULA//CHILERO,20569,586,222490,BW23539,,,0,,MEXICO,CM,BW,Y,1989,RES [RESERVA],MEXICO,,0
-0CHN,SHANGHAI #4,4746,1,222693,BW33117,,,0,,,OT,BW,Y,0,CHN [CHINA],CHINA,,0
CMBW89M7289-0TOPY-030M-5Y-010M-5Y-0M-010KBY-0Y,VEERY/PAJONAL//2*KAUZ,48041,117,269000,BW28219,,,1989,"M [TOLUCA, EDO DE MEX]",MEXICO,CM,BW,Y,1995,Y [YAQUI],MEXICO,,0
CMBW90M4994-0TOPY-64M-015Y-015M-1Y-0B,KAUZ*2/STAR,65211,170,292703,BW29160,,,1990,"M [TOLUCA, EDO DE MEX]",MEXICO,CM,BW,Y,1993,"B [EL BATAN, EDO DE MEX]",MEXICO,,0
CMBW90M4994-0TOPY-13M-015Y-015M-4Y-0B,KAUZ*2/STAR,65211,167,292717,BW28436,,,1990,"M [TOLUCA, EDO DE MEX]",MEXICO,CM,BW,Y,1993,"B [EL BATAN, EDO DE MEX]",MEXICO,,0
CMBW90M4981-0TOPY-34M-015Y-015M-1Y-0B,STAR//KAUZ/PAVON F 76,65198,166,292907,BW28315,,,1990,"M [TOLUCA, EDO DE MEX]",MEXICO,CM,BW,Y,1993,"B [EL BATAN, EDO DE MEX]",MEXICO,,0
CM112793-0TOPY-22M-020Y-010M-3Y-010M-0Y,CHILERO/2*STAR,31155,88,294614,BW27249,,,0,,MEXICO,CM,BW,Y,1992,Y [YAQUI],MEXICO,,0
CM100946-10Y-030M-030Y-020Y-010M-2Y-010Y-0M,URES T 81/BOBWHITE//OPATA M 85,13918,160,294670,BW27239,,,0,,MEXICO,,BW,Y,0,"M [TOLUCA, EDO DE MEX]",MEXICO,,0
CM103379-2M-030M-020Y-010M-2Y-010Y-0M,MUNIA/KAUZ,14143,179,294705,BW27240,TOBARITO M 97,TOBA97,0,,MEXICO,CM,BW,Y,0,"M [TOLUCA, EDO DE MEX]",MEXICO,MEXICO,1997
CM103448-39M-030M-020Y-010M-4Y-010Y-0M,PARULA/ICTA SARA 82//TESIA F 79/VEERY #5,14189,326,294724,BW32987,,,0,,MEXICO,CM,BW,Y,0,"M [TOLUCA, EDO DE MEX]",MEXICO,,0
CM111642-7M-020Y-010M-010Y-010M-0Y,WEAVER/3/SANDPIPER/TEAL:DR//HUITLE,25787,46,294745,BW26726,,,0,,MEXICO,CM,BW,Y,1992,Y [YAQUI],MEXICO,,0
CMBW89Y01228-0TOPM-10Y-010M-4Y-010M-1Y-0M-3KBY-0M,HAHN/TURACO//TURACO,49432,109,294818,BW27254,,,1989,Y [YAQUI],MEXICO,CM,BW,Y,1993,"M [TOLUCA, EDO DE MEX]",MEXICO,,0
CMBW89Y01228-0TOPM-10Y-010M-4Y-010M-2Y-0M,HAHN/TURACO//TURACO,49432,91,294834,BW38856,,,1989,Y [YAQUI],MEXICO,CM,BW,N,1992,"M [TOLUCA, EDO DE MEX]",MEXICO,,0
CMBW89Y01231-0TOPM-16Y-010M-1Y-010M-5Y-0M-2KBY-0M,HAHN/2*WEAVER,49434,555,294881,BW27255,,,1989,Y [YAQUI],MEXICO,CM,BW,Y,1993,"M [TOLUCA, EDO DE MEX]",MEXICO,,0
CMBW89Y01231-0TOPM-16Y-010M-1Y-010M-5Y-0M-4KBY-0M,HAHN/2*WEAVER,49434,556,294897,BW27256,INIFAP M 97,INIF97,1989,Y [YAQUI],MEXICO,CM,BW,Y,1993,"M [TOLUCA, EDO DE MEX]",MEXICO,MEXICO,1997
CMBW90M4977-0TOPY-87M-015Y-015M-1Y-0B,KAUZ/LUCERO-MEX//PAVON F 76/STAR,65192,177,294910,BW27257,,,1990,"M [TOLUCA, EDO DE MEX]",MEXICO,CM,BW,Y,1993,"B [EL BATAN, EDO DE MEX]",MEXICO,,0
CMBW90M4986-0TOPY-47M-015Y-015M-2Y-0B,KAUZ//STAR/LUCERO-MEX,65203,177,294940,BW27258,,,1990,"M [TOLUCA, EDO DE MEX]",MEXICO,CM,BW,Y,1993,"B [EL BATAN, EDO DE MEX]",MEXICO,,0
CMBW90M4994-0TOPY-11M-015Y-015M-2Y-0B,KAUZ*2/STAR,65211,172,295026,BW29829,,,1990,"M [TOLUCA, EDO DE MEX]",MEXICO,CM,BW,Y,1993,"B [EL BATAN, EDO DE MEX]",MEXICO,,0
CMBW90M4999-0TOPY-62M-015Y-015M-3Y-0B,PAVON F 76//KAUZ/PAVON F 76,65216,182,295091,BW28440,,,1990,"M [TOLUCA, EDO DE MEX]",MEXICO,CM,BW,Y,1993,"B [EL BATAN, EDO DE MEX]",MEXICO,,0
CMBW90Y3058-74M-015Y-015M-1Y-0B,KAUZ/STAR,63222,171,295146,BW30675,,,1990,Y [YAQUI],MEXICO,CM,BW,Y,1993,"B [EL BATAN, EDO DE MEX]",MEXICO,,0
CMH83.2446-3B-1Y-2B-2Y-1B-0Y,CMH80A.542/CIANO T 79,25640,6,295190,BW32042,,,1983,,MEXICO,CM,BW,Y,0,Y [YAQUI],MEXICO,,0
CMH83.2446-3B-1Y-2B-2Y-1B-0Y-0HTY,CMH80A.542/CIANO T 79,25640,14,295191,BW33423,,,1983,,MEXICO,CM,BW,Y,1995,HTY [HEAT TOLERANCE YAQUI],MEXICO,,0
CRG958-10Y-010M-0Y,KAUZ*2/MINIVET//KAUZ,65989,12,295261,BW25207,,,0,,,CR,BW,Y,0,Y [YAQUI],MEXICO,,0
-0PAK,BAKHTAWAR 94,274807,1,295296,BW28416,,,0,,PAKISTAN,OT,BW,Y,0,PAK [PAKISTAN],PAKISTAN,,0
-2CHN-0CHN,MIANYANG 20,274782,4,295788,BW32012,,,0,,CHINA,OT,BW,Y,0,CHN [CHINA],CHINA,,0
CM40457-5M-3Y-1M-1Y-0M,FROCOR/3/MCMURACHY/KENTANA//YAQUI 50/4/ZARAGOZA 75/5/BLUEJAY,7479,12,305029,BW3838,,,0,,MEXICO,CM,BW,Y,0,"M [TOLUCA, EDO DE MEX]",MEXICO,,0
-0ZWE,VEERY//BUCKBUCK/PAVON F 76,274818,1,320849,BW28419,,,1994,,ZIMBABWE,OT,BW,Y,0,ZWE [ZIMBABWE],ZIMBABWE,,0
CRG178.2-45B-0Y-030M-4Y-1Y-0M,KAUZ/GENARO T 81,19923,198,321131,BW25217,,,0,,MEXICO,CR,BW,Y,0,"M [TOLUCA, EDO DE MEX]",MEXICO,,0
CM111633-6M-020Y-010M-010Y-010M-0Y,KAUZ//ALTAR 84/ARAOS,26944,24,321397,BW25369,,,0,,MEXICO,CM,BW,Y,1992,Y [YAQUI],MEXICO,,0
CMBW89M7612-0TOPY-030M-15Y-010M-0Y,KAUZ*2/CHEN//BACANORA T 88,48494,23,321487,BW25410,,,1989,"M [TOLUCA, EDO DE MEX]",MEXICO,CM,BW,Y,1992,Y [YAQUI],MEXICO,,0
CRG909-3Y-010M-0Y,KAUZ*2/BOBWHITE//KAUZ,65970,5,321614,BW32047,,,0,,,CR,BW,Y,0,Y [YAQUI],MEXICO,,0
CMBW90Y3180-0TOPM-3Y-010M-010M-010Y-1M-015Y-0Y,OPATA M 85/RAYON F 89//KAUZ,67613,34,321822,BW28444,,,1990,Y [YAQUI],MEXICO,CM,BW,Y,1995,Y [YAQUI],MEXICO,,0
CMBW90Y4399-0TOPM-1Y-010M-010M-010Y-1M-015Y-0Y,ATTILA/3*BACANORA T 88,69587,25,321833,BW29933,,,1990,Y [YAQUI],MEXICO,CM,BW,Y,1995,Y [YAQUI],MEXICO,,0
CMSS93Y04054M-2M-0Y,OASIS F 86/SUPER KAUZ//4*BACANORA T 88,122462,4,321840,BW29951,,,1993,Y [YAQUI],MEXICO,CM,BW,Y,1994,Y [YAQUI],MEXICO,,0
CMBW89M1297-19M-010Y-010M-010M-010Y-1M-015Y-0Y,BOBWHITE/MOR//BAGULA,40887,128,323172,BW28427,,,1989,"M [TOLUCA, EDO DE MEX]",MEXICO,CM,BW,Y,1995,Y [YAQUI],MEXICO,,0
CRG676-26Y-2B-1Y-1B-0Y-0Y,ESMERALDA M 86/VEERY #10,122672,83,326413,BW38864,,,0,,,CR,BW,N,0,Y [YAQUI],MEXICO,,0
CRG2468-I-3Y-5B-0Y,SERI M 82*5//AGATHA/6*YECORA F 70,160593,23,341985,BW33435,SUPER SERI #2,SSERI2,0,,MEXICO,CR,BW,Y,0,Y [YAQUI],MEXICO,MEXICO,1999
CM112793-0TOPY-22M-020Y-010M-3Y-0M-0KBY-2KBY-0Y,CHILERO/2*STAR,31155,686,342090,BW28426,,,0,,MEXICO,CM,BW,Y,1995,Y [YAQUI],MEXICO,,0
CMBW90M4-30-0Y,PFAU/WEAVER,58955,156,342202,BW28252,,,1990,"M [TOLUCA, EDO DE MEX]",MEXICO,CM,BW,Y,1995,Y [YAQUI],MEXICO,,0
CMBW90M294-1M-010Y-010M-010Y-7M-015Y-0Y,IRENA/WEAVER,59245,64,342218,BW28431,,,1990,"M [TOLUCA, EDO DE MEX]",MEXICO,CM,BW,Y,1995,Y [YAQUI],MEXICO,,0
CMBW90M4056-0TOPY-27M-010Y-010M-010Y-8M-015Y-0Y,KAUZ//PFAU/VEERY #5/3/KAUZ,63500,165,342231,BW28432,,,1990,"M [TOLUCA, EDO DE MEX]",MEXICO,CM,BW,Y,1995,Y [YAQUI],MEXICO,,0
CMBW90M4860-0TOPY-16M-1Y-010M-010Y-1M-015Y-0Y,ATTILA*2/3/HUITLE/CARCOMUN//CHEN/CHORLITO,64990,210,342253,BW30672,,,1990,"M [TOLUCA, EDO DE MEX]",MEXICO,CM,BW,Y,1995,Y [YAQUI],MEXICO,,0
CMBW90M4968-0TOPY-095M-095Y-095M-2Y-0M,STAR//KAUZ/STAR,65178,248,342263,BW28435,,,1990,"M [TOLUCA, EDO DE MEX]",MEXICO,CM,BW,Y,1993,"M [TOLUCA, EDO DE MEX]",MEXICO,,0
CMBW90M4994-0TOPY-13M-015Y-015M-3Y-0B,KAUZ*2/STAR,65211,175,342284,BW27260,,,1990,"M [TOLUCA, EDO DE MEX]",MEXICO,CM,BW,Y,1993,"B [EL BATAN, EDO DE MEX]",MEXICO,,0
CMBW90M4994-0TOPY-13M-015Y-015M-5Y-0B,KAUZ*2/STAR,65211,176,342294,BW29927,,,1990,"M [TOLUCA, EDO DE MEX]",MEXICO,CM,BW,Y,1993,"B [EL BATAN, EDO DE MEX]",MEXICO,,0
CMBW90M5000-0TOPY-35M-015Y-015M-3Y-0B,STAR//KAUZ/STAR,65217,164,342325,BW27262,,,1990,"M [TOLUCA, EDO DE MEX]",MEXICO,CM,BW,Y,1993,"B [EL BATAN, EDO DE MEX]",MEXICO,,0
CMBW90Y312-4Y-010M-010M-010Y-1M-015Y-0Y,CULIACAN T 89/RABE,67297,23,342336,BW28442,,,1990,Y [YAQUI],MEXICO,CM,BW,Y,1995,Y [YAQUI],MEXICO,,0
CMBW91Y01627S-13Y-010M-010Y-010M-3Y-0M,,73509,49,342374,BW28452,,,1991,Y [YAQUI],MEXICO,CM,BW,Y,1994,"M [TOLUCA, EDO DE MEX]",MEXICO,,0
CMBW91Y00465S-16Y-010M-010Y-1M-015Y-0Y,HOJA ERECTA 1/3*CIANO T 79//2*SERI M 82/3/ATTILA,71635,134,343215,BW28449,,,1991,Y [YAQUI],MEXICO,CM,BW,Y,1995,Y [YAQUI],MEXICO,,0
,,285989,1,343376,,,,0,,,,,N,0,,,,0
CM40454-11M-4Y-1M-1Y-4M-1Y-0B,HYBRID DELHI 1220/3*KALYANSONA//NACOZARI F 76,7589,7,345434,BW4118,,,0,,MEXICO,CM,BW,Y,0,"B [EL BATAN, EDO DE MEX]",MEXICO,,0
CMSW89Y271-0Y-0M-94Y-0B,TAM 200/TUI,68815,220,353782,BW32984,,,1989,Y [YAQUI],MEXICO,CM,BW,Y,1991,"B [EL BATAN, EDO DE MEX]",MEXICO,,0
CMBW90Y3279-0TOPM-19Y-010M-010M-010Y-7M-015Y-0Y,CARRIZO T 89/KAUZ//KAUZ,67706,95,355408,BW28445,,,1990,Y [YAQUI],MEXICO,CM,BW,Y,1995,Y [YAQUI],MEXICO,,0
CMBW91Y01627S-13Y-010M-010Y-010M-5Y-0M,,73509,50,355411,BW28453,,,1991,Y [YAQUI],MEXICO,CM,BW,Y,1994,"M [TOLUCA, EDO DE MEX]",MEXICO,,0
CRG2468-I-3Y-2B-0Y,SERI M 82*5//AGATHA/6*YECORA F 70,160593,17,358060,BW29851,SUPER SERI #1,SSERI1,0,,MEXICO,CR,BW,Y,0,Y [YAQUI],MEXICO,MEXICO,1999
CMBW90M4839T-0TOPY-14M-1Y-010M-010Y-6M-015Y-0Y,KAUZ*2/ANHINGA,64955,44,358856,BW29825,,,1990,"M [TOLUCA, EDO DE MEX]",MEXICO,CM,BW,Y,1995,Y [YAQUI],MEXICO,,0
CMSS93Y04048M-1M-0Y,OASIS F 86/SUPER KAUZ//4*BACANORA T 88,122456,3,358886,BW28369,,,1993,Y [YAQUI],MEXICO,CM,BW,Y,1994,Y [YAQUI],MEXICO,,0
CMSS93Y04047M-5M-0Y,OASIS F 86/SUPER KAUZ//4*BACANORA T 88,122455,9,359354,BW28454,,,1993,Y [YAQUI],MEXICO,CM,BW,Y,1994,Y [YAQUI],MEXICO,,0
CMBW90M4860-0TOPY-16M-1Y-010M-010Y-6M-015Y-0Y,ATTILA*2/3/HUITLE/CARCOMUN//CHEN/CHORLITO,64990,213,367751,BW29827,,,1990,"M [TOLUCA, EDO DE MEX]",MEXICO,CM,BW,Y,1995,Y [YAQUI],MEXICO,,0
CMBW90Y3279-0TOPM-9Y-010M-010M-010Y-3M-015Y-0Y,CARRIZO T 89/KAUZ//KAUZ,67706,94,367789,BW29837,,,1990,Y [YAQUI],MEXICO,CM,BW,Y,1995,Y [YAQUI],MEXICO,,0
CMBW90M3932-0TOPY-3M-010Y-010M-010Y-8M-015Y-0Y,X81502@-3/KAUZ//KAUZ,61614,92,368747,BW29820,,,1990,"M [TOLUCA, EDO DE MEX]",MEXICO,CM,BW,Y,1995,Y [YAQUI],MEXICO,,0
CMBW90M294-1M-010Y-010M-010Y-6M-015Y-0Y,IRENA/WEAVER,59245,63,369564,BW28430,,,1990,"M [TOLUCA, EDO DE MEX]",MEXICO,CM,BW,Y,1995,Y [YAQUI],MEXICO,,0
CMSS92M04523M-1Y-8M-1Y-0Y,OASIS F 86/STAR//3*STAR,103133,65,369670,BW30680,,,1992,"M [TOLUCA, EDO DE MEX]",MEXICO,CM,BW,Y,1995,Y [YAQUI],MEXICO,,0
CM111633-6M-020Y-010M-010Y-010M-2Y-0M,KAUZ//ALTAR 84/ARAOS,26944,30,369673,BW27245,,,0,,MEXICO,CM,BW,Y,1992,"M [TOLUCA, EDO DE MEX]",MEXICO,,0
CMBW90M4968-0TOPY-095M-095Y-10M-2Y-0M,STAR//KAUZ/STAR,65178,258,369679,BW29828,,,1990,"M [TOLUCA, EDO DE MEX]",MEXICO,CM,BW,Y,1993,"M [TOLUCA, EDO DE MEX]",MEXICO,,0
CMBW90M4994-0TOPY-64M-015Y-015M-5Y-0B,KAUZ*2/STAR,65211,187,369682,BW28439,,,1990,"M [TOLUCA, EDO DE MEX]",MEXICO,CM,BW,Y,1993,"B [EL BATAN, EDO DE MEX]",MEXICO,,0
CRG2753.1-0B-099Y-099M-28Y-0B,SERI M 82/RAYON F 89,160278,44,371007,,,,0,,MEXICO,CR,BW,N,1995,"B [EL BATAN, EDO DE MEX]",MEXICO,,0
CMSS93Y00076S-1DH-1B-0100B,KAUZ/WEAVER,113868,339,373045,BW30699,,,1993,Y [YAQUI],MEXICO,CM,BW,Y,0,"B [EL BATAN, EDO DE MEX]",MEXICO,,0
CMBW91M02705M-0TOPY-58M-010Y-010M-010Y-3Y-0M,TURACO/2*BORLAUG M 95,82998,237,373101,BW30677,,,1991,"M [TOLUCA, EDO DE MEX]",MEXICO,CM,BW,Y,1995,"M [TOLUCA, EDO DE MEX]",MEXICO,,0
CM33027-F-15M-500Y-0M-7B-0Y,KAVKAZ/BUHO//KALYANSONA/BLUEBIRD,7691,63,376770,BW10651,,,0,,MEXICO,CM,BW,Y,1983,Y [YAQUI],MEXICO,,0
PB20089-7A-4A-0A-0PAK,V.5648/PARULA,113390,3,376790,BW33111,PARWAZ-94,PWZ94,0,,,PB,BW,Y,0,PAK [PAKISTAN],PAKISTAN,PAKISTAN,1993
-0PAK,PUNJAB 96,334609,1,376804,BW29116,,,0,,INDIA,OT,BW,Y,0,PAK [PAKISTAN],PAKISTAN,,0
CMSS93Y04044M-1M-0Y,OASIS F 86/SUPER KAUZ//4*BACANORA T 88,122452,6,377165,BW29843,,,1993,Y [YAQUI],MEXICO,CM,BW,Y,1994,Y [YAQUI],MEXICO,,0
CM103733-23M-030Y-020Y-010M-5Y-010Y-0M,TIA.2/KAUZ,14417,226,377191,BW27242,,,0,,MEXICO,CM,BW,Y,0,"M [TOLUCA, EDO DE MEX]",MEXICO,,0
CMBW90Y4399-0TOPM-1Y-010M-010M-010Y-8M-015Y-0Y,ATTILA/3*BACANORA T 88,69587,27,377246,BW28447,,,1990,Y [YAQUI],MEXICO,CM,BW,Y,1995,Y [YAQUI],MEXICO,,0
CMBW91Y00466S-7Y-010M-010Y-6M-015Y-0Y,HOJA ERECTA 1/5*CIANO T 79//BORLAUG M 95,71636,81,377276,BW28450,,,1991,Y [YAQUI],MEXICO,CM,BW,Y,1995,Y [YAQUI],MEXICO,,0
CMSS93Y04051M-2M-0Y,OASIS F 86/SUPER KAUZ//4*BACANORA T 88,122459,4,390604,BW28456,,,1993,Y [YAQUI],MEXICO,CM,BW,Y,1994,Y [YAQUI],MEXICO,,0
-0IND,DL 802-3,162500,1,390845,BW27270,,,0,,INDIA,OT,BW,Y,0,IND [INDIA],INDIA,,0
CM91585-10Y-0M-0Y-3M-0Y-0SYR,ANANDA/METALTAIL,8704,22,390866,BW27236,,,0,,MEXICO,CM,BW,Y,0,SYR [SYRIA],SYRIA,,0
-0PAK,SHAHKAR 95,334608,1,391721,BW29115,,,0,,PAKISTAN,OT,BW,Y,0,PAK [PAKISTAN],PAKISTAN,,0
NL623-0NPL,CONTESTADO/COCORAQUE F 75/3/POLLO//FURY/ANAHUAC F 75,251774,1,391994,BW33105,,,0,,,NL,BW,Y,0,NPL [NEPAL],NEPAL,,0
-0ZAF,KARIEGA,164857,1,392036,BW27277,,,1994,,SOUTH AFRICA,OT,BW,Y,0,ZAF [SOUTH AFRICA],SOUTH AFRICA,,0
ICW88.0061-3AP-0L-3AP-0L-0AP,BOBWHITE/FENG KANG 15,113590,15,392884,BW27265,,,1988,,,IC,BW,Y,0,"AP [ALEPPO,SYRIA]",SYRIA,,0
CM93046-8M-0Y-0M-6Y-0B-0SYR,MIRLO/BUCKBUCK//SERI M 82,21321,201,392956,BW27237,,,0,,MEXICO,CM,BW,Y,0,SYR [SYRIA],SYRIA,,0
CMSW89Y00308S-12Y-8M-3Y-0B-0SYR,TJB368.251/BUCKBUCK//CUCURPE S 86,38339,323,392959,BW29104,,,1989,Y [YAQUI],MEXICO,CM,BW,Y,0,SYR [SYRIA],SYRIA,,0
CMBW89Y3272-38Y-010M-2Y-010M-1Y-0M-0KBY-0M,ROEK//MAYA 74/NACOZARI F 76/3/TEPOCA T 89,48609,498,393017,BW38861,,,1989,Y [YAQUI],MEXICO,CM,BW,N,1993,"M [TOLUCA, EDO DE MEX]",MEXICO,,0
CMSS93Y04054M-1M-0Y,OASIS F 86/SUPER KAUZ//4*BACANORA T 88,122462,3,393205,BW28458,,,1993,Y [YAQUI],MEXICO,CM,BW,Y,1994,Y [YAQUI],MEXICO,,0
CMBW89M7604-0TOPY-030M-24Y-010M-2Y-0M,ESMERALDA M 86/SHEARWATER//BACANORA T 88,48484,45,393281,BW29816,,,1989,"M [TOLUCA, EDO DE MEX]",MEXICO,CM,BW,Y,1992,"M [TOLUCA, EDO DE MEX]",MEXICO,,0
CRG2468-I-20Y-3B-0Y,SERI M 82*5//AGATHA/6*YECORA F 70,160593,43,393298,BW29856,,,0,,MEXICO,CR,BW,Y,0,Y [YAQUI],MEXICO,,0
CM31678-R-4Y-2M-500Y-506M-501Y-501M-502Y-0M,BUCKY/MAYA 74/4/BLUEBIRD//HYBRID DELHI 832/OLESON´S DWARF/3/CIANO F 67/PENJAMO T 62,7027,14,412450,BW9658,SNA 101,SNA101,0,,MEXICO,CM,BW,Y,0,"M [TOLUCA, EDO DE MEX]",MEXICO,CHILE,1986
CM56744-7Y-2Y-1M-1Y-0M-0MEX-0BGD,BUCKBUCK/4/TEZANOS PINTOS PRECOZ//IRN46/CIANO F 67/3/PROTOR,7090,99,412956,BW38866,,,0,,MEXICO,CM,BW,N,0,BGD [BANGLADESH],BANGLADESH,,0
CM21335-C-9Y-3M-1Y-1Y-1Y-0B-2KEN-0Y,TEZANOS PINTOS PRECOZ*2/ANDES 64//INIA F 66/3/CIANO F 67/JARAL F 66//KAVKAZ,7136,21,413235,BW8038,,,0,,MEXICO,CM,BW,Y,0,Y [YAQUI],MEXICO,,0
CM34574-F-2M-1Y-1M-2Y-1M-1Y-0M,BLUEBIRD/GALLO//YAQUI 50-ENANO/3*KALYANSONA/3/LILIFEN//HYBRID DELHI 832/BLUEBIRD,7161,7,413317,BW10150,,,0,,MEXICO,CM,BW,Y,0,"M [TOLUCA, EDO DE MEX]",MEXICO,,0
CM33203-K-9M-2Y-1M-1Y-2M-0Y,AURORA//KALYANSONA/BLUEBIRD/3/WOODPECKER,7414,71,414940,BW4086,,,0,,MEXICO,CM,BW,Y,0,Y [YAQUI],MEXICO,,0
CM33203-K-9M-19Y-3M-4Y-1M-0Y,AURORA//KALYANSONA/BLUEBIRD/3/WOODPECKER,7414,66,415066,BW3710,,,0,,MEXICO,CM,BW,Y,0,Y [YAQUI],MEXICO,,0
CM33203-K-10M-7Y-3M-1Y-2M-0Y,AURORA//KALYANSONA/BLUEBIRD/3/WOODPECKER,7414,238,415173,BW9664,,,0,,MEXICO,CM,BW,Y,0,Y [YAQUI],MEXICO,,0
CM43381-D-1Y-4M-3Y-4M-3Y-0B-23M-0Y,CLEMENT/MOCHIS 73//TORIM F 73,7423,16,416019,BW4925,,,0,,MEXICO,CM,BW,Y,0,Y [YAQUI],MEXICO,,0
CM40457-5M-3Y-1M-2Y-0M,FROCOR/3/MCMURACHY/KENTANA//YAQUI 50/4/ZARAGOZA 75/5/BLUEJAY,7479,5,416396,BW9677,,,0,,MEXICO,CM,BW,Y,0,"M [TOLUCA, EDO DE MEX]",MEXICO,,0
SWM4589-7Y-18M-1Y-0M-56B-0Y,NORD DEPREZ/WAGGA WAGGA//LEE/FRONTANA/3/NEWTHATCH/4/TI RESEL,7580,9,418273,BW4025,,,0,"M [TOLUCA, EDO DE MEX]",MEXICO,SW,BW,Y,0,Y [YAQUI],MEXICO,,0
SWM7215-2Y-2Y-0Y-3Y-0Y-40M-0Y,LILIFEN/STURDY//PAVON F 76,7666,23,419150,BW21837,,,0,"M [TOLUCA, EDO DE MEX]",MEXICO,SW,BW,Y,0,Y [YAQUI],MEXICO,,0
SWM7215-2Y-2Y-0Y-3Y-0Y-31M-0Y,LILIFEN/STURDY//PAVON F 76,7666,21,419152,BW21829,,,0,"M [TOLUCA, EDO DE MEX]",MEXICO,SW,BW,Y,0,Y [YAQUI],MEXICO,,0
CM34630-D-1M-9Y-6M-2Y-1M-0Y,GALLO/CUCKOO//KAVKAZ/SUPER X,7668,37,419380,BW9672,,,0,,MEXICO,CM,BW,Y,0,Y [YAQUI],MEXICO,,0
CM30697-2M-14Y-0M-97B-0Y,SISKIN/PAVON F 76,7673,65,419525,BW4854,,,0,,MEXICO,CM,BW,Y,0,Y [YAQUI],MEXICO,,0
CM30697-2M-8Y-7M-1Y-1B-0Y,SISKIN/PAVON F 76,7673,46,419528,BW3635,,,0,,MEXICO,CM,BW,Y,0,Y [YAQUI],MEXICO,,0
CM34742-E-2M-5Y-3M-500Y-100B-504Y-0M,BLUEJAY/GRAJO/4/MAIPO/3/BLUEBIRD//TOBARI F 66/CIANO F 67,7684,15,420071,BW5975,TRUSH I2,TSH2,0,,MEXICO,CM,BW,Y,0,"M [TOLUCA, EDO DE MEX]",MEXICO,MEXICO,0
CM40610-31Y-2M-2Y-1M-0Y,DOUGGA 74/BLUEJAY,7688,59,420125,BW4132,,,0,,MEXICO,CM,BW,Y,0,Y [YAQUI],MEXICO,,0
CM40610-25Y-4M-1Y-1M-1Y-0B,DOUGGA 74/BLUEJAY,7688,24,420158,CWI35526,,,0,,MEXICO,CM,BW,Y,0,"B [EL BATAN, EDO DE MEX]",MEXICO,,0
CM59914-7Y-2M-1Y-1M-1Y-1M-0Y,TOROPI//CIANO F 67/NOROESTE F 66/3/BLUEBIRD/CIANO F 67/4/ZARAGOZA 75/5/TITMOUSE,7689,17,420213,BW12277,,,0,,MEXICO,CM,BW,Y,0,Y [YAQUI],MEXICO,,0
CM33027-F-15M-500Y-0M-11B-0Y-0PZ,KAVKAZ/BUHO//KALYANSONA/BLUEBIRD,7691,320,421018,BW10652,,,0,,MEXICO,CM,BW,Y,1985,"PZ [Patzcuaro,Mich.]",MEXICO,,0
CM33027-F-15M-500Y-0M-66B-0Y,KAVKAZ/BUHO//KALYANSONA/BLUEBIRD,7691,258,421064,BW3677,VEE#5.2,,0,,MEXICO,CM,BW,Y,1981,Y [YAQUI],MEXICO,MEXICO,0
CM42374-1Y-2M-3Y-0M,TEZANOS PINTOS PRECOZ//INT. STEM RUST NURSERY 46/CIANO F 67/3/PESTERBODEN/4/NACOZARI F 76,7714,20,421337,BW3898,,,0,,MEXICO,CM,BW,Y,0,"M [TOLUCA, EDO DE MEX]",MEXICO,,0
CM42374-1Y-1M-2Y-0M,TEZANOS PINTOS PRECOZ//INT. STEM RUST NURSERY 46/CIANO F 67/3/PESTERBODEN/4/NACOZARI F 76,7714,16,421340,BW4136,,,0,,MEXICO,CM,BW,Y,0,"M [TOLUCA, EDO DE MEX]",MEXICO,,0
CM39992-8M-3Y-1M-0Y,JUPATECO F 73/BLUEJAY,7737,11,421442,BW3798,,,0,,MEXICO,CM,BW,Y,0,Y [YAQUI],MEXICO,,0
CM64624-2Y-1M-4Y-1M-34Y-0M,PARULA/VEERY #6,7739,39,421747,BW38845,,,0,,MEXICO,CM,BW,N,0,"M [TOLUCA, EDO DE MEX]",MEXICO,,0
CM64624-2Y-1M-4Y-0M-9Y-0M,PARULA/VEERY #6,7739,36,421749,BW38847,,,0,,MEXICO,CM,BW,N,0,"M [TOLUCA, EDO DE MEX]",MEXICO,,0
CM40038-21M-1Y-2M-0Y-81M-0Y,BLUEJAY/JUPATECO F 73,7741,54,421919,BW4891,,,0,,MEXICO,CM,BW,Y,0,Y [YAQUI],MEXICO,,0
CM38199-A-1Y-9M-1Y-0M,EMU/MILDRESS//KALYANSONA/BLUEBIRD,7760,5,422005,BW9675,,,0,,MEXICO,CM,BW,Y,0,"M [TOLUCA, EDO DE MEX]",MEXICO,,0
CM43598-II-8Y-1M-5Y-2M-2Y-0B,JUPATECO F 73/EMU//GRAJO,7776,31,422181,BW3982,,,0,,MEXICO,CM,BW,Y,0,"B [EL BATAN, EDO DE MEX]",MEXICO,,0
CM64224-5Y-1M-1Y-2M-0Y,NACOZARI F 76/VEERY #5,7778,6,422212,BW19054,,,0,,MEXICO,CM,BW,Y,0,Y [YAQUI],MEXICO,,0
CM8874-K-1M-1Y-1M-1Y-0M,HOPPS/ROBIN-M//KALYANSONA,7786,6,422381,BW9894,HUASTECO M 81,HTC,0,,MEXICO,CM,BW,Y,0,"M [TOLUCA, EDO DE MEX]",MEXICO,MEXICO,1981
CM37705-G-2Y-3M-1Y-0M-47Y-0B,BLUEBIRD/CIANO F 67//INIA F 66/SOTY/3/SPARROW/4/PAVON F 76,7811,7,422983,BW4108,,,0,,MEXICO,CM,BW,Y,0,"B [EL BATAN, EDO DE MEX]",MEXICO,,0
CM74539-1M-1Y-2M-1Y-0B,VEERY/CHUKAR,7818,31,423133,BW19069,,,0,,MEXICO,CM,BW,Y,0,"B [EL BATAN, EDO DE MEX]",MEXICO,,0
CM74539-1M-3Y-1M-3Y-0B,VEERY/CHUKAR,7818,15,423143,BW13715,,,0,,MEXICO,CM,BW,Y,0,"B [EL BATAN, EDO DE MEX]",MEXICO,,0
CM38212-I-7Y-2M-1Y-3M-1Y-0M,HORK/YAMHILL//KALYANSONA/BLUEBIRD,7819,40,423200,BW12188,,,0,,MEXICO,CM,BW,Y,0,"M [TOLUCA, EDO DE MEX]",MEXICO,,0
CM64340-4M-1Y-1M-2Y-0M,TANAGER/5/SONORA 64/CIANO F 67//INIA F 66/3/TOBARI F 66/4/ALSINA,7832,8,423348,BW21235,,,0,,MEXICO,CM,BW,Y,0,"M [TOLUCA, EDO DE MEX]",MEXICO,,0
CM37987-I-1Y-2M-2Y-0M,ORE F1 158/FUNDULEA//MEXIFEN/2*TIBA 63/3/COCORAQUE F 75,7836,11,423409,BW9990,,,0,,MEXICO,CM,BW,Y,0,"M [TOLUCA, EDO DE MEX]",MEXICO,,0
CM74849-2M-2Y-2M-3Y-0B,HERMOSILLO M 77/SAPSUCKER//VEERY,7847,171,423671,BW11981,,,0,,MEXICO,CM,BW,Y,0,"B [EL BATAN, EDO DE MEX]",MEXICO,,0
CM74849-2M-2Y-2M-1Y-0B,HERMOSILLO M 77/SAPSUCKER//VEERY,7847,169,423673,BW11980,,,0,,MEXICO,CM,BW,Y,0,"B [EL BATAN, EDO DE MEX]",MEXICO,,0
CM33682-L-1Y-1Y-4M-4Y-100B-503Y-0M,CEBECO 148/KATHADIN/7/HEINES KOLBEN/MIDA/4/4777/3/REI//KENTANA 48/YAQUI 48/5/YECORA F 70/6/TUCAN,7877,55,424673,BW4102,,,0,,MEXICO,CM,BW,Y,0,"M [TOLUCA, EDO DE MEX]",MEXICO,,0
CM33682-L-1Y-1Y-4M-4Y-100B-502Y-0M,CEBECO 148/KATHADIN/7/HEINES KOLBEN/MIDA/4/4777/3/REI//KENTANA 48/YAQUI 48/5/YECORA F 70/6/TUCAN,7877,29,424689,BW4101,,,0,,MEXICO,CM,BW,Y,0,"M [TOLUCA, EDO DE MEX]",MEXICO,,0
CM33682-L-1Y-1Y-8M-1Y-100B-0Y,CEBECO 148/KATHADIN/7/HEINES KOLBEN/MIDA/4/4777/3/REI//KENTANA 48/YAQUI 48/5/YECORA F 70/6/TUCAN,7877,24,424700,BW3740,,,0,,MEXICO,CM,BW,Y,0,Y [YAQUI],MEXICO,,0
CM33682-L-1Y-9Y-1M-1Y-100B-0Y,CEBECO 148/KATHADIN/7/HEINES KOLBEN/MIDA/4/4777/3/REI//KENTANA 48/YAQUI 48/5/YECORA F 70/6/TUCAN,7877,20,424702,BW3741,,,0,,MEXICO,CM,BW,Y,0,Y [YAQUI],MEXICO,,0
SWM5704-10Y-1M-3Y-1M-1Y-0B,F3.71/TORIM F 73,8018,32,427258,BW3613,,,0,,,SW,BW,Y,0,"B [EL BATAN, EDO DE MEX]",MEXICO,,0
CM56723-2Y-1Y-4M-1Y-0M,MONCHO/TOWHEE,8023,5,427520,BW21214,,,0,,MEXICO,CM,BW,Y,0,"M [TOLUCA, EDO DE MEX]",MEXICO,,0
CM58975-2Y-3M-1Y-12M-3Y-1M-0Y,KEA/TOWHEE,8030,10,427650,BW21218,,,0,,MEXICO,CM,BW,Y,0,Y [YAQUI],MEXICO,,0
CM61949-3M-4Y-1M-3Y-1M-0Y-1B-0Y,MIRLO/BUCKBUCK,8040,15,427918,BW15316,,,0,,MEXICO,CM,BW,Y,0,Y [YAQUI],MEXICO,,0
CM67245-C-1M-2Y-1M-7Y-1M-0Y,AURORA/UP 301//GALLO/SUPER X/3/PEWEE/4/MAIPO/MAYA 74//PEWEE,8059,19,428238,BW11798,,,0,,MEXICO,CM,BW,Y,0,Y [YAQUI],MEXICO,,0
CM69499-3M-1Y-7M-3Y-1M-0Y,MONCHO/CROW,8076,14,428988,BW11918,,,0,,MEXICO,CM,BW,Y,0,Y [YAQUI],MEXICO,,0
CM73815-2M-1Y-03M-4Y-1B-0Y,VEERY/MYNA,8086,42,429101,BW13462,,,0,,MEXICO,CM,BW,Y,0,Y [YAQUI],MEXICO,,0
CM73815-2M-1Y-03M-1Y-1B-0Y,VEERY/MYNA,8086,6,429168,BW20541,,,0,,MEXICO,CM,BW,Y,0,Y [YAQUI],MEXICO,,0
CM73994-1M-1Y-2M-7Y-2M-0Y,SERI M 82/NEELKANT,8089,15,429247,BW13464,,,0,,,CM,BW,Y,0,Y [YAQUI],MEXICO,,0
CM74542-5M-2Y-02M-3Y-0B,VEERY #5/PAVON F 76,8093,8,429726,BW11978,,,0,,MEXICO,CM,BW,Y,0,"B [EL BATAN, EDO DE MEX]",MEXICO,,0
CM76736-36Y-06M-013Y-1B-4Y-0B,VEERY #7/BOBWHITE,8104,41,430048,BW14091,,,0,,MEXICO,CM,BW,Y,0,"B [EL BATAN, EDO DE MEX]",MEXICO,,0
CM90312-A-2B-3Y-3B-0Y,CIANO T 79*2/PARULA,8105,19,430154,BW21787,,,0,,MEXICO,CM,BW,Y,0,Y [YAQUI],MEXICO,,0
CM90312-D-3B-8Y-6B-0Y,CIANO T 79*2/PARULA,8105,69,430174,BW21762,,,0,,MEXICO,CM,BW,Y,0,Y [YAQUI],MEXICO,,0
CM90312-A-2B-12Y-1B-0Y,CIANO T 79*2/PARULA,8105,24,430390,BW21840,,,0,,MEXICO,CM,BW,Y,0,Y [YAQUI],MEXICO,,0
CM90312-A-2B-22Y-0B,CIANO T 79*2/PARULA,8105,9,430433,BW15406,,,0,,MEXICO,CM,BW,Y,0,"B [EL BATAN, EDO DE MEX]",MEXICO,,0
CM65202-3M-2Y-3M-3Y-0M,RED RIVER 68/WAGGA WAGGA 15/3/BAJIO/2*OLESON´S DWARF//BONANZA/4/NACOZARI F 76,8129,8,431424,BW10897,,,0,,MEXICO,CM,BW,Y,0,"M [TOLUCA, EDO DE MEX]",MEXICO,,0
CM76965-5Y-1M-06Y-1M-2Y-0B,KALYANSONA/BLUEBIRD//CAJEME F 71/3/ALONDRA/4/OPATA M 85,8144,16,431742,BW13517,,,0,,MEXICO,CM,BW,Y,0,"B [EL BATAN, EDO DE MEX]",MEXICO,,0
CM78108-3M-02Y-02M-8Y-0B,URES T 81/BOBWHITE,8148,30,432043,BW14110,,,0,,MEXICO,CM,BW,Y,0,"B [EL BATAN, EDO DE MEX]",MEXICO,,0
CM83271-5Y-4B-1Y-10B-0Y,CIANO T 79/PARULA,8186,14,433740,BW22777,,,0,,MEXICO,CM,BW,Y,0,Y [YAQUI],MEXICO,,0
CM90313-E-2B-10Y-3B-0Y,CIANO T 79*2/HOJA ERECTA 1,8193,40,433924,BW20411,,,0,,MEXICO,CM,BW,Y,0,Y [YAQUI],MEXICO,,0
CD58620-12M-4Y-2M-2Y-3B-0Y,IAS 58/4/KALYANSONA/BLUEBIRD//CAJEME F 71/3/ALONDRA/5/YAVAROS 79,8199,14,434148,BW15421,,,0,,MEXICO,CD,DW,Y,0,Y [YAQUI],MEXICO,,0
CM47941-Q-2M-1Y-4M-1Y-0Y,KENTANA/BAGE//FRONTANA/GRAL. URQUIZA/3/BONZA/4/TORIM F 73/5/ALDAN,8408,24,438163,BW4189,,,0,,MEXICO,CM,BW,Y,0,Y [YAQUI],MEXICO,,0
CM64335-3AP-2AP-2AP-0AP,TESIA F 79/VEERY #5,8420,17,438273,BW14024,,,0,,MEXICO,CM,BW,Y,0,"AP [ALEPPO,SYRIA]",SYRIA,,0
CM69909-2Y-1M-2Y-1M-2Y-0B,BUCKBUCK/GLENNSON M 81,8424,8,438323,BW11928,,,0,,MEXICO,CM,BW,Y,0,"B [EL BATAN, EDO DE MEX]",MEXICO,,0
CM76719-36Y-05M-011Y-2B-1Y-0B,VEERY/PAJONAL,8436,51,438760,BW13506,,,0,,MEXICO,CM,BW,Y,0,"B [EL BATAN, EDO DE MEX]",MEXICO,,0
CM76719-42Y-01M-08Y-1B-2Y-0B,VEERY/PAJONAL,8436,28,438770,BW13507,,,0,,MEXICO,CM,BW,Y,0,"B [EL BATAN, EDO DE MEX]",MEXICO,,0
CM85835-1Y-0H-0SY-4M-0Y,MONCHO/IMURIS T 79//ALONDRA/PAVON F 76,8548,30,443483,BW21559,,,0,,MEXICO,CM,BW,Y,0,Y [YAQUI],MEXICO,,0
CM92066-J-0Y-0M-0Y-4M-0Y-0MEX,BOBWHITE/NACOZARI F 76//VEERY/3/BLUEJAY/COCORAQUE F 75,8626,465,447647,BW22744,BAVIACORA M 92,BAV92,0,,MEXICO,CM,BW,Y,0,MEX [MEXICO],MEXICO,MEXICO,1993
CM90461-5Y-0M-0Y-5M-0Y,NORD DEPREZ/VG9144//KALYANSONA/BLUEBIRD/3/YACO/4/CHILERO,8656,33,450448,BW23529,,,0,,MEXICO,CM,BW,Y,0,Y [YAQUI],MEXICO,,0
CM90461-9Y-0M-0Y-1M-0Y,NORD DEPREZ/VG9144//KALYANSONA/BLUEBIRD/3/YACO/4/CHILERO,8656,54,450770,BW23530,,,0,,MEXICO,CM,BW,Y,0,Y [YAQUI],MEXICO,,0
CM91575-34Y-0M-0Y-2M-0Y,BUCKBUCK/FLICKER//MYNA/VULTURE,8703,61,454059,BW23535,,,0,,MEXICO,CM,BW,Y,0,Y [YAQUI],MEXICO,,0
CM91927-O-0Y-0M-0Y-3M-0Y,PAPAGO M 86/SERI M 82//BAGULA,8779,14,455538,BW21659,,,0,,MEXICO,CM,BW,Y,0,Y [YAQUI],MEXICO,,0
CM76226-1Y-01M-02Y-2B-3Y-0B,KEA/GOSHAWK,8875,6,457982,BW22145,,,0,,MEXICO,CM,BW,Y,0,"B [EL BATAN, EDO DE MEX]",MEXICO,,0
CM85836-45Y-0M-0Y-2M-0Y-0PAK,NORD DEPREZ/VG9144//KALYANSONA/BLUEBIRD/3/YACO/4/VEERY #5,8890,1518,458835,BW33863,,,0,,MEXICO,CM,BW,Y,0,PAK [PAKISTAN],PAKISTAN,,0
CM85836-38Y-0M-0Y-4M-0Y,NORD DEPREZ/VG9144//KALYANSONA/BLUEBIRD/3/YACO/4/VEERY #5,8890,16,460142,BW20391,,,0,,MEXICO,CM,BW,Y,0,Y [YAQUI],MEXICO,,0
CM40392-17M-1Y-1M-0Y,SAPSUCKER/MONCHO,8918,16,460689,BW4422,,,0,,MEXICO,CM,BW,Y,0,Y [YAQUI],MEXICO,,0
CM40392-17M-1Y-0M-191M-0Y,SAPSUCKER/MONCHO,8918,12,460693,BW4897,,,0,,MEXICO,CM,BW,Y,0,Y [YAQUI],MEXICO,,0
SWM4578-56M-3Y-3M-1Y-0M,NS900/ANAHUAC F 75,8945,18,460960,BW8676,,,0,,,SW,BW,Y,0,"M [TOLUCA, EDO DE MEX]",MEXICO,,0
SWM5784-17Y-1M-4Y-5M-1Y-0B,F12.71/COCORAQUE F 75,9068,2264,464211,BW4029,,,0,"M [TOLUCA, EDO DE MEX]",MEXICO,SW,BW,Y,0,"B [EL BATAN, EDO DE MEX]",MEXICO,,0
CM87688-029TOPM-5Y-0H-0SY-4M-0Y,PAT10/ALONDRA//PAT72300/3/PAVON F 76/4/URES T 81/5/PFAU,9339,21,471420,BW21839,,,0,,MEXICO,CM,BW,Y,0,Y [YAQUI],MEXICO,,0
CM85817-22Y-0M-0Y-5M-0Y,PAPAGO M 86/SERI M 82,9368,24,471785,BW21825,,,0,,MEXICO,CM,BW,Y,0,Y [YAQUI],MEXICO,,0
CM108805-0TOPM-2Y-020Y-010M-1Y-010M-8Y-0M,KAUZ/CMH77.308//BAGULA,11919,30,480143,BW26716,,,0,,MEXICO,,BW,Y,1992,"M [TOLUCA, EDO DE MEX]",MEXICO,,0
CM109300-0TOPM-030Y-020Y-010M-010Y-010M-3Y-0M,KAUZ*3/4/FREE GALLIPOLI/AVETORO//HUITLE/3/ROKEL,12759,14,480914,BW38852,,,0,,MEXICO,,BW,N,1992,"M [TOLUCA, EDO DE MEX]",MEXICO,,0
CM103379-4M-030Y-020Y-010M-1Y-010Y-0M,MUNIA/KAUZ,14143,181,512731,BW38849,,,0,,MEXICO,CM,BW,N,0,"M [TOLUCA, EDO DE MEX]",MEXICO,,0
CM103641-4M-030Y-020Y-010M-3Y-010Y-0M,PARULA/ALONDRA//URES T 81/BUCKBUCK,14339,148,520702,BW38850,,,0,,MEXICO,CM,BW,N,0,"M [TOLUCA, EDO DE MEX]",MEXICO,,0
CM105812-0TOPY-34M-030Y-020Y-010M-2Y-010Y-0M,KAUZ*2//K134(60)/VEERY,15866,170,536162,BW38851,,,0,,MEXICO,CM,BW,N,0,"M [TOLUCA, EDO DE MEX]",MEXICO,,0
CRG178.2-49B-0Y-030M-6Y-2Y-0M,KAUZ/GENARO T 81,19923,239,601577,BW25212,,,0,,MEXICO,CR,BW,Y,0,"M [TOLUCA, EDO DE MEX]",MEXICO,,0
CM92991-27M-0Y-0M-3Y-0B,BAGULA/SERI M 82,20185,261,609307,BW23545,,,0,,MEXICO,CM,BW,Y,0,"B [EL BATAN, EDO DE MEX]",MEXICO,,0
CM92991-54M-0Y-0M-1Y-0B,BAGULA/SERI M 82,20185,273,609368,BW22747,,,0,,MEXICO,CM,BW,Y,0,"B [EL BATAN, EDO DE MEX]",MEXICO,,0
CM92991-59M-0Y-0M-5Y-0B,BAGULA/SERI M 82,20185,288,609448,BW23546,,,0,,MEXICO,CM,BW,Y,0,"B [EL BATAN, EDO DE MEX]",MEXICO,,0
CM92474-28Y-0M-0Y-8M-0RES,BAGULA/PARULA,20556,168,623960,BW23543,,,0,,MEXICO,CM,BW,Y,1989,RES [RESERVA],MEXICO,,0
CM92313-19M-0Y-0M-1Y-0B,CIANO T 79/PARULA//CHILERO,20569,284,624629,BW23538,,,0,,MEXICO,CM,BW,Y,0,"B [EL BATAN, EDO DE MEX]",MEXICO,,0
CM92354-33M-0Y-0M-4Y-0B,TURACO/CHILERO,20570,299,625454,BW22745,,,0,,MEXICO,CM,BW,Y,0,"B [EL BATAN, EDO DE MEX]",MEXICO,,0
CM86141-22M-0Y-08H-2Y-0B,F6.74/BUNTING//SISKIN/3/VEERY #7,21196,75,653215,BW22735,,,0,,MEXICO,CM,BW,Y,0,"B [EL BATAN, EDO DE MEX]",MEXICO,,0
CM91045-501M-0Y,CHUAN MAI 18/BAGULA,21597,2272,664062,BW23519,,,0,,MEXICO,CM,BW,Y,0,Y [YAQUI],MEXICO,,0
CM91045-10Y-0M-0Y-2M-6Y-0B,CHUAN MAI 18/BAGULA,21597,206,665788,BW22739,,,0,,MEXICO,CM,BW,Y,0,"B [EL BATAN, EDO DE MEX]",MEXICO,,0
CM43601-K-3Y-3M-6Y-2M-1Y-0B,JUPATECO F 73/MUSALA/4/CIANO F 67/SIETE CERROS T66//CIANO F 67/INIA F 66/3/TOBARI F 66,21779,24,669426,BW3985,,,0,,MEXICO,CM,BW,Y,0,"B [EL BATAN, EDO DE MEX]",MEXICO,,0
CM44740-A-3Y-1M-1Y-2M-1Y-2M-0Y,MUSALA/POTAM S 70//MAYA 74/ALONDRA,21901,8,670602,BW4945,,,0,,MEXICO,CM,BW,Y,0,Y [YAQUI],MEXICO,,0
CM55517-B-1F-701Y-1F-707Y-1F-0Y,IAS 58/IAS 55//ALONDRA/3/IAC 5/4/ALONDRA/IAS58.103A//ALONDRA,22594,7,673831,BW5032,,,0,,,CM,BW,Y,0,Y [YAQUI],MEXICO,,0
CRG68-C-10Y-3B-0Y-21INT-0B,SERI M 82*3/BUCKBUCK,22781,138,675238,BW32044,,,0,,,CM,BW,Y,1997,"B [EL BATAN, EDO DE MEX]",MEXICO,,0
CM111642-7M-020Y-010M-010Y-010M-0Y-191Y-0B,WEAVER/3/SANDPIPER/TEAL:DR//HUITLE,25787,276,692864,BW30662,,,0,,MEXICO,CM,BW,Y,1996,"B [EL BATAN, EDO DE MEX]",MEXICO,,0
CM111642-7M-020Y-010M-010Y-010M-0Y-161Y-0B,WEAVER/3/SANDPIPER/TEAL:DR//HUITLE,25787,270,692876,BW30661,,,0,,MEXICO,CM,BW,Y,1996,"B [EL BATAN, EDO DE MEX]",MEXICO,,0
CM111642-7M-020Y-010M-010Y-010M-0Y-51Y-0B,WEAVER/3/SANDPIPER/TEAL:DR//HUITLE,25787,256,692904,BW30663,,,0,,MEXICO,CM,BW,Y,1996,"B [EL BATAN, EDO DE MEX]",MEXICO,,0
CM111594-13M-020Y-010M-010Y-010M-1Y-0M,MUNIA//CHEN/ALTAR 84,26935,166,701166,BW38853,,,0,,MEXICO,CM,BW,N,1992,"M [TOLUCA, EDO DE MEX]",MEXICO,,0
CM111911-0TOPY-9M-020Y-010M-010Y-010M-0M,INIA F 66/TH.DISTICHUM//INIA F 66/3/VEERY/4/2*TURACO,29504,22,730613,BW38854,,,0,,MEXICO,,BW,N,0,"M [TOLUCA, EDO DE MEX]",MEXICO,,0
CM112793-0TOPY-7M-020Y-010M-2Y-010M-8Y-0M-0KBY-0M,CHILERO/2*STAR,31155,261,743023,BW26747,,,0,,MEXICO,CM,BW,Y,1993,"M [TOLUCA, EDO DE MEX]",MEXICO,,0
CM112793-0TOPY-7M-020Y-010M-2Y-0M-0KBY-0M,CHILERO/2*STAR,31155,259,743034,BW38855,,,0,,MEXICO,CM,BW,N,1993,"M [TOLUCA, EDO DE MEX]",MEXICO,,0
CMSW89Y00309-9Y-1M-3Y-0B,TJB368.251/BUCKBUCK//OCORONI F 86,38340,125,770285,BW25454,,,1989,Y [YAQUI],MEXICO,CM,BW,Y,1991,"B [EL BATAN, EDO DE MEX]",MEXICO,,0
,,38344,235,770505,,,,0,,,,,N,0,,,,0
CM62661-D-1M-1Y-4M-1Y-0M,NORD DEPREZ/VG9144//KALYANSONA/BLUEBIRD/3/YACO,39604,6,784135,BW8121,,,0,,MEXICO,CM,BW,Y,0,"M [TOLUCA, EDO DE MEX]",MEXICO,,0
CMBW89M4007-25M-0AL-5AL-1B-0Y-0MEX,ALUBUC/BUCKBUCK//PARULA/VEERY #6,43379,332,835884,BW30665,TOROCAHUI S2004,,1989,"M [TOLUCA, EDO DE MEX]",MEXICO,CM,BW,Y,1994,MEX [MEXICO],MEXICO,MEXICO,2004
CMBW89Y3256-24Y-010M-4Y-010M-1Y-0M,AMSEL/KAUZ,48601,161,855168,BW38859,,,1989,Y [YAQUI],MEXICO,CM,BW,N,1992,"M [TOLUCA, EDO DE MEX]",MEXICO,,0
CMBW89Y3269-14Y-010M-8Y-010M-4Y-0M,VEERY/PAJONAL//KAUZ,48607,182,855587,BW38860,,,1989,Y [YAQUI],MEXICO,CM,BW,N,1992,"M [TOLUCA, EDO DE MEX]",MEXICO,,0
CMBW89Y01192T-0TOPM-8Y-010M-1Y-010M-3Y-0M-2KBY-0M,WL 6736/2*WEAVER,49402,288,876108,BW27253,,,1989,Y [YAQUI],MEXICO,CM,BW,Y,1993,"M [TOLUCA, EDO DE MEX]",MEXICO,,0
CMBW89Y01231-0TOPM-23Y-010M-4Y-010M-3Y-0M-3KBY-0M-2KBY-0KBY-0B,HAHN/2*WEAVER,49434,866,877657,BW29817,,,1989,Y [YAQUI],MEXICO,CM,BW,Y,1995,"B [EL BATAN, EDO DE MEX]",MEXICO,,0
CMBW89Y01234T-0TOPM-18Y-010M-2Y-010M-2Y-0M,MYNA/VULTURE//2*TURACO,49437,108,878573,BW38857,,,1989,Y [YAQUI],MEXICO,CM,BW,N,1992,"M [TOLUCA, EDO DE MEX]",MEXICO,,0
CM25988-8Y-3Y-2Y-1M-1Y-100B-0Y,FKN/3/2*FROCOR//KENYA 350-A-D-9-C-2/GABO 54/4/BLUEBIRD/CHANATE,50800,15,897095,BW9651,,,0,,MEXICO,CM,BW,Y,0,Y [YAQUI],MEXICO,,0
CIGM84.229-7B-6Y-3B-3Y-2Y-4B-0Y,INIA F 66/TH.DISTICHUM//INIA F 66/3/2*BUCKBUCK/PAVON F 76,52514,37,900613,BW23508,,,0,,,,BW,Y,0,Y [YAQUI],MEXICO,,0
TE82.0021-6Y-05M-0Y-8M-0Y,PARULA II/CM65531,53328,10,904516,BW20440,,,1982,,MEXICO,TE,BW,Y,0,Y [YAQUI],MEXICO,,0
CMBW89Y01785T-0TOPM-6Y-010M-010Y-010M-0Y,KAUZ//ALTAR 84/ARAOS/3/KAUZ,53995,53,909641,BW25391,,,1989,Y [YAQUI],MEXICO,CM,BW,Y,1992,Y [YAQUI],MEXICO,,0
CMBW89Y01785T-0TOPM-3Y-010M-010Y-010M-0Y-35Y-0B,KAUZ//ALTAR 84/ARAOS/3/KAUZ,53995,155,909658,BW30666,,,1989,Y [YAQUI],MEXICO,CM,BW,Y,1996,"B [EL BATAN, EDO DE MEX]",MEXICO,,0
CMBW90M4-292-0Y,PFAU/WEAVER,58955,206,916978,BW30669,,,1990,"M [TOLUCA, EDO DE MEX]",MEXICO,CM,BW,Y,1995,Y [YAQUI],MEXICO,,0
CMBW90M458-2M-010Y-010M-010Y-5M-015Y-0Y,STAR//TR771773/SALAMANCA 75,59406,134,934019,BW29822,,,1990,"M [TOLUCA, EDO DE MEX]",MEXICO,CM,BW,Y,1995,Y [YAQUI],MEXICO,,0
CMBW90M3785-0TOPY-47M-010Y-010M-010Y-6M-015Y-0Y,VORONA/2*KAUZ,61368,190,984151,BW29819,,,1990,"M [TOLUCA, EDO DE MEX]",MEXICO,CM,BW,Y,1995,Y [YAQUI],MEXICO,,0
CMBW90M4781-0TOPY-12M-1Y-010M-1Y-8M-015KBY-0Y,WG3498/KAUZ//KAUZ,64853,397,1047493,BW28433,,,1990,"M [TOLUCA, EDO DE MEX]",MEXICO,CM,BW,Y,1995,Y [YAQUI],MEXICO,,0
CMBW90M4988-0TOPY-18M-015Y-015M-4Y-0B,LUCERO-MEX//KAUZ/STAR,65205,175,1058137,BW27259,,,1990,"M [TOLUCA, EDO DE MEX]",MEXICO,CM,BW,Y,1993,"B [EL BATAN, EDO DE MEX]",MEXICO,,0
CMBW90M4837-0TOPY-11M-2Y-010M-010Y-5M-015Y-0Y,KAUZ/GYGIS//KAUZ,65580,266,1064007,BW29824,,,1990,"M [TOLUCA, EDO DE MEX]",MEXICO,CM,BW,Y,1995,Y [YAQUI],MEXICO,,0
CRG866-8Y-010M-0Y,KAUZ*2/YACO//KAUZ,65943,11,1066175,BW25582,,,0,,MEXICO,CR,BW,Y,0,Y [YAQUI],MEXICO,,0
CRG897-1Y-010M-0Y-0HTY,KAUZ*2/HAHN//KAUZ,65960,4,1066279,BW32046,,,0,,,CR,BW,Y,1995,HTY [HEAT TOLERANCE YAQUI],MEXICO,,0
CRG976-2Y-010M-0Y,KAUZ*2//SAPSUCKER/MONCHO/3/KAUZ,66000,5,1066569,BW23907,,,0,,,CR,BW,Y,0,Y [YAQUI],MEXICO,,0
CMBW90Y776-1DY-010M-010M-010Y-3M-015Y-0Y,IRENA/KAUZ,67414,39,1079616,BW29174,,,1990,Y [YAQUI],MEXICO,CM,BW,Y,1995,Y [YAQUI],MEXICO,,0
CMBW90Y3180-0TOPM-3Y-010M-010M-010Y-10M-015Y-0Y,OPATA M 85/RAYON F 89//KAUZ,67613,37,1081265,BW29835,,,1990,Y [YAQUI],MEXICO,CM,BW,Y,1995,Y [YAQUI],MEXICO,,0
CMBW90Y3284-0TOPM-14Y-010M-010M-010Y-6M-015Y-0Y,CARRIZO T 89/KAUZ//KAUZ,67709,79,1082612,BW29838,,,1990,Y [YAQUI],MEXICO,CM,BW,Y,1995,Y [YAQUI],MEXICO,,0
CMSW89Y271-0Y-0M-17Y-0B,TAM 200/TUI,68815,170,1093268,BW26841,,,1989,Y [YAQUI],MEXICO,CM,BW,Y,1991,"B [EL BATAN, EDO DE MEX]",MEXICO,,0
CMBW90Y5756-0TOPM-14Y-010M-010M-010Y-5M-015Y-0Y,MONARCHA/3*BACANORA T 88,69933,111,1101307,BW28448,,,1990,Y [YAQUI],MEXICO,CM,BW,Y,1995,Y [YAQUI],MEXICO,,0
CMBW91Y01627S-13Y-010M-010Y-010M-2Y-0M,,73509,48,1127595,BW30678,,,1991,Y [YAQUI],MEXICO,CM,BW,Y,1994,"M [TOLUCA, EDO DE MEX]",MEXICO,,0
CMBW91M02624M-0TOPY-16M-010Y-010M-010Y-3Y-0M,OASIS F 86/2*BORLAUG M 95,82917,148,1193118,BW30676,,,1991,"M [TOLUCA, EDO DE MEX]",MEXICO,CM,BW,Y,1995,"M [TOLUCA, EDO DE MEX]",MEXICO,,0
CMBW91M02703F-0TOPY-24M-010Y-010M-010Y-1Y-0M,SUPER KAUZ*2/FLYCATCHER,82996,52,1195398,BW35585,,,1991,"M [TOLUCA, EDO DE MEX]",MEXICO,CM,BW,Y,1995,"M [TOLUCA, EDO DE MEX]",MEXICO,,0
CMBW91M03389T-0TOPY-13M-1Y-010M-4KBY-5KBY-0M-0KBY-4PR-0B-0HTY,W462//VEERY/KOEL/3/PEREGRINE//MAIORAL/BUCKBUCK,83682,201,1210458,BW35787,,,1991,"M [TOLUCA, EDO DE MEX]",MEXICO,CM,BW,Y,1998,HTY [HEAT TOLERANCE YAQUI],MEXICO,,0
CMSS92Y01017T-32Y-010M-010Y-010Y-10M-0Y,F60314.76/MAIORAL//CIANO T 79/3/CM-61735/4/STAR,90670,91,1290408,BW30681,,,1992,Y [YAQUI],MEXICO,CM,BW,Y,1996,Y [YAQUI],MEXICO,,0
CMSS92Y01017T-32Y-010M-010Y-010Y-9M-0Y,F60314.76/MAIORAL//CIANO T 79/3/CM-61735/4/STAR,90670,90,1290414,BW35802,,,1992,Y [YAQUI],MEXICO,CM,BW,Y,1996,Y [YAQUI],MEXICO,,0
CMSS92Y01054T-13Y-010M-010Y-010Y-10M-0Y,WEAVER/WL3926//,90707,47,1291472,BW30263,,,1992,Y [YAQUI],MEXICO,CM,BW,Y,1996,Y [YAQUI],MEXICO,,0
CMSS92Y01054T-13Y-010M-010Y-010Y-8M-0Y,WEAVER/WL3926//,90707,46,1291474,BW32021,,,1992,Y [YAQUI],MEXICO,CM,BW,Y,1996,Y [YAQUI],MEXICO,,0
CMSS92Y01065T-15Y-010M-010Y-010Y-8M-0Y,TIA.2/BORLAUG M 95/3/PEREGRINE//MAIORAL/BUCKBUCK,90718,69,1291739,BW30683,,,1992,Y [YAQUI],MEXICO,CM,BW,Y,1996,Y [YAQUI],MEXICO,,0
CMSS92Y01186T-44Y-010M-010Y-010Y-6M-0Y,BL1066/STAR//YACO,90839,114,1293839,BW32022,,,1992,Y [YAQUI],MEXICO,CM,BW,Y,1996,Y [YAQUI],MEXICO,,0
CMSS92Y01273T-4Y-010M-010Y-010Y-7M-0Y,HOJA ERECTA 1/3*CIANO T 79//2*SERI M 82/3/BORLAUG M 95/4/YACO,90926,58,1295300,BW33872,,,1992,Y [YAQUI],MEXICO,CM,BW,Y,1996,Y [YAQUI],MEXICO,,0
CMSS92Y01305T-12Y-010M-010Y-010Y-3M-0Y,PRINIA/WEAVER//STAR,90958,153,1295736,BW30684,,,1992,Y [YAQUI],MEXICO,CM,BW,Y,1996,Y [YAQUI],MEXICO,,0
CMSS92Y01305T-12Y-010M-010Y-010Y-8M-0Y,PRINIA/WEAVER//STAR,90958,156,1295755,BW30685,,,1992,Y [YAQUI],MEXICO,CM,BW,Y,1996,Y [YAQUI],MEXICO,,0
CMSS92Y01315T-38Y-010M-010Y-010Y-6M-0Y,VEERY #5//DOVE/BUCKBUCK/3/STAR/4/HOJA ERECTA 1/3*CIANO T 79//2*SERI M 82,90968,142,1296234,BW32023,,,1992,Y [YAQUI],MEXICO,CM,BW,Y,1996,Y [YAQUI],MEXICO,,0
CMSS92Y01345T-16Y-010M-010Y-010Y-6M-0Y,PARUS/STAR//GALVEZ S 87,90998,45,1296766,BW32024,,,1992,Y [YAQUI],MEXICO,CM,BW,Y,1996,Y [YAQUI],MEXICO,,0
CMSS92Y01422T-36Y-010M-010Y-010Y-10M-0Y,CHILERO/ESMERALDA M 86/3/HOJA ERECTA 1/3*CIANO T 79//2*SERI M 82,91075,140,1298199,BW30285,,,1992,Y [YAQUI],MEXICO,CM,BW,Y,1996,Y [YAQUI],MEXICO,,0
CMSS92Y01422T-36Y-010M-010Y-010Y-7M-0Y,CHILERO/ESMERALDA M 86/3/HOJA ERECTA 1/3*CIANO T 79//2*SERI M 82,91075,137,1298205,BW30687,,,1992,Y [YAQUI],MEXICO,CM,BW,Y,1996,Y [YAQUI],MEXICO,,0
CMSS92Y01422T-36Y-010M-010Y-010Y-3M-0Y,CHILERO/ESMERALDA M 86/3/HOJA ERECTA 1/3*CIANO T 79//2*SERI M 82,91075,134,1298211,BW32025,,,1992,Y [YAQUI],MEXICO,CM,BW,Y,1996,Y [YAQUI],MEXICO,,0
CMSS92Y01575T-5Y-010M-010Y-010Y-1M-0Y,SIBIA/PAVON/3/HOJA ERECTA 1/3*CIANO T 79//2*SERI M 82,91228,114,1300939,BW30688,,,1992,Y [YAQUI],MEXICO,CM,BW,Y,1996,Y [YAQUI],MEXICO,,0
CMSS92Y01621T-9Y-010M-010Y-010Y-10M-0Y,LAJ3302/2*MOCHIS T 88,91275,35,1301796,BW30689,,,1992,Y [YAQUI],MEXICO,CM,BW,Y,1996,Y [YAQUI],MEXICO,,0
CMSS92Y01621T-9Y-010M-010Y-010Y-6M-0Y,LAJ3302/2*MOCHIS T 88,91275,34,1301798,BW30692,,,1992,Y [YAQUI],MEXICO,CM,BW,Y,1996,Y [YAQUI],MEXICO,,0
CMSS92Y01621T-9Y-010M-010Y-010Y-5M-0Y,LAJ3302/2*MOCHIS T 88,91275,33,1301800,BW30691,,,1992,Y [YAQUI],MEXICO,CM,BW,Y,1996,Y [YAQUI],MEXICO,,0
CMSS92Y01621T-9Y-010M-010Y-010Y-4M-0Y,LAJ3302/2*MOCHIS T 88,91275,32,1301802,BW30690,,,1992,Y [YAQUI],MEXICO,CM,BW,Y,1996,Y [YAQUI],MEXICO,,0
CMSS92Y01624T-10Y-010M-010Y-010Y-3M-0Y,LAJ3302/2*BORLAUG M 95,91278,105,1301936,BW30693,,,1992,Y [YAQUI],MEXICO,CM,BW,Y,1996,Y [YAQUI],MEXICO,,0
CMSS92Y01634T-18Y-010M-010Y-010Y-2M-0Y,RABE/2*MOCHIS T 88,91288,76,1302304,BW32026,,,1992,Y [YAQUI],MEXICO,CM,BW,Y,1996,Y [YAQUI],MEXICO,,0
CMSS92Y01634T-18Y-010M-010Y-010Y-1M-0Y,RABE/2*MOCHIS T 88,91288,75,1302311,BW30694,,,1992,Y [YAQUI],MEXICO,CM,BW,Y,1996,Y [YAQUI],MEXICO,,0
CMSS92Y01815T-20Y-010M-010Y-1KBY-9M-0Y,2V879.C8.11/G110//V979/3/STAR/4/STAR,91469,118,1306534,BW30695,,,1992,Y [YAQUI],MEXICO,CM,BW,Y,1996,Y [YAQUI],MEXICO,,0
CMSS92Y01866M-2Y-3M-010Y-2KBY-8M-0Y,DVERD_2/AE.SQUARROSA (214)//2*BACANORA T 88,91520,714,1311265,BW30696,,,1992,Y [YAQUI],MEXICO,CM,BW,Y,1996,Y [YAQUI],MEXICO,,0
CMSS92Y02933S-20Y-015M-010Y-010Y-2M-0Y,KAUZ//BOBWHITE/NEELKANT,92624,332,1342417,BW32027,,,1992,Y [YAQUI],MEXICO,CM,BW,Y,1996,Y [YAQUI],MEXICO,,0
CMSS92Y02937S-91Y-05M-010Y-010Y-7M-0Y,PFAU/MILAN,92628,328,1343502,BW30357,,,1992,Y [YAQUI],MEXICO,CM,BW,Y,1996,Y [YAQUI],MEXICO,,0
-0IND,BLUEBIRD/KALYANSONA//WL 711/PBW 65,94864,1,1360815,BW27272,,,0,,,OT,BW,Y,0,IND [INDIA],INDIA,,0
CMSS92M00233S-015M-0Y-0Y-050M-26Y-3M-0Y,BUCKBUCK/PARULA//WEAVER,98843,61,1390242,BW32028,,,1992,"M [TOLUCA, EDO DE MEX]",MEXICO,CM,BW,Y,1997,Y [YAQUI],MEXICO,,0
CMSS92M00233S-015M-0Y-0Y-050M-26Y-1M-0Y,BUCKBUCK/PARULA//WEAVER,98843,59,1390246,BW35587,,,1992,"M [TOLUCA, EDO DE MEX]",MEXICO,CM,BW,Y,1997,Y [YAQUI],MEXICO,,0
CMSS92M00579S-015M-0Y-0Y-050M-10Y-1M-0Y,PRINIA/STAR,99189,99,1393230,BW31335,,,1992,"M [TOLUCA, EDO DE MEX]",MEXICO,CM,BW,Y,1997,Y [YAQUI],MEXICO,,0
CMSS92M02579T-015M-0Y-0Y-050M-2Y-3M-0Y,"SUNBIRD,MEX//CMH79A.955/3*CIANO T 79/3/ATTILA",101189,110,1399978,BW38062,,,1992,"M [TOLUCA, EDO DE MEX]",MEXICO,CM,BW,Y,1997,Y [YAQUI],MEXICO,,0
CMSS92M02908T-015M-0Y-0Y-050M-9Y-3M-0Y,PRINIA/WEAVER//STAR/3/WEAVER,101518,87,1402346,BW32030,,,1992,"M [TOLUCA, EDO DE MEX]",MEXICO,CM,BW,Y,1997,Y [YAQUI],MEXICO,,0
CMSS92M04418M-1Y-1M-2Y-0Y,OASIS F 86/4*BORLAUG M 95,103028,28,1410845,BW30679,,,1992,"M [TOLUCA, EDO DE MEX]",MEXICO,CM,BW,Y,1995,Y [YAQUI],MEXICO,,0
CMSW92M00192T-015M-0Y-0Y-050M-5Y-3M-0Y,84.40023/WEAVER//BORLAUG M 95,106310,47,1437563,BW32032,,,1992,"M [TOLUCA, EDO DE MEX]",MEXICO,CM,BW,Y,1997,Y [YAQUI],MEXICO,,0
CMSW92WM00269S-015M-0Y-0Y-050M-6Y-3M-0Y,P1.861/REDWING,106646,103,1439621,BW32033,,,1992,WM [WINTER MEXICO],MEXICO,CM,BW,Y,1997,Y [YAQUI],MEXICO,,0
CM37614-B-14Y-4M-3Y-0M,JUPATECO F 73/ZOPILOTE//COCORAQUE F 75,111680,22,1477928,BW2968,,,0,,MEXICO,CM,BW,Y,0,"M [TOLUCA, EDO DE MEX]",MEXICO,,0
CM43367-E-3Y-1M-3Y-3M-1Y-0B,FUNDALEA 35.70/MOCHIS 73//NACOZARI F 76,111681,7,1477994,BW4919,,,0,,MEXICO,CM,BW,Y,0,"B [EL BATAN, EDO DE MEX]",MEXICO,,0
CM58487-G-1Y-1Y-1M-1Y-0M,PF70402/ALONDRA//PAT72160/ALONDRA/3/YDING/4/OWL/CNT 8,111693,6,1478078,BW8087,,,0,,MEXICO,CM,BW,Y,0,"M [TOLUCA, EDO DE MEX]",MEXICO,,0
CM64653-8Y-3M-2Y-0M,BANANAQUIT/PAVON F 76,111705,4,1478148,BW8123,,,0,,MEXICO,CM,BW,Y,0,"M [TOLUCA, EDO DE MEX]",MEXICO,,0
PB19545-9A-0A-0PAK,WL 711/CROW,113388,5,1491661,BW26856,,,0,,PAKISTAN,PB,BW,Y,0,PAK [PAKISTAN],PAKISTAN,,0
CMSS93Y00410S-7Y-010Y-010M-010Y-2M-0Y,CHEN/AEGILOPS SQUARROSA (TAUS)//FLYCATCHER/3/STAR,114202,86,1500224,BW32034,,,1993,Y [YAQUI],MEXICO,CM,BW,Y,1997,Y [YAQUI],MEXICO,,0
CMSS93Y00854S-14Y-3KBY-010M-010Y-10M-0KBY-0M,CANDO/R143//ENTE/MEXICALI_2/3/AEGILOPS SQUARROSA (TAUS)/4/WEAVER/5/PICUS,114892,109,1504972,BW33215,,,1993,Y [YAQUI],MEXICO,CM,BW,Y,1997,"M [TOLUCA, EDO DE MEX]",MEXICO,,0
CMSS93Y01031S-13Y-5KBY-010M-010Y-9M-0KBY-0M,CROCETHIA_1/AE.SQUARROSA (205)//KAUZ/3/ATTILA,118879,209,1507236,BW31414,,,1993,Y [YAQUI],MEXICO,CM,BW,Y,1997,"M [TOLUCA, EDO DE MEX]",MEXICO,,0
CMSS93Y01031S-13Y-5KBY-010M-010Y-6M-0KBY-0M,CROCETHIA_1/AE.SQUARROSA (205)//KAUZ/3/ATTILA,118879,206,1507248,BW35592,,,1993,Y [YAQUI],MEXICO,CM,BW,Y,1997,"M [TOLUCA, EDO DE MEX]",MEXICO,,0
CMSS93Y02712T-40Y-010Y-010M-010Y-7M-0Y,CHOIX M 95/STAR/3/HOJA ERECTA 1/3*CIANO T 79//2*SERI M 82,120854,183,1541043,BW33887,,,1993,Y [YAQUI],MEXICO,CM,BW,Y,1997,Y [YAQUI],MEXICO,,0
CMSS93Y02712T-40Y-010Y-010M-010Y-6M-0Y,CHOIX M 95/STAR/3/HOJA ERECTA 1/3*CIANO T 79//2*SERI M 82,120854,182,1541045,BW33260,,,1993,Y [YAQUI],MEXICO,CM,BW,Y,1997,Y [YAQUI],MEXICO,,0
CMSS93Y02816T-28Y-010Y-010M-010Y-7M-0Y,JUPATECO F 73/ZOPILOTE//COCORAQUE F 75/3/PAVON F 76/4/GENARO T 81/5/BOBWHITE//BUCKBUCK/BULBUL/6/VEERY #5//DOVE/BUCKBUCK,120958,150,1542708,BW33888,,,1993,Y [YAQUI],MEXICO,CM,BW,Y,1997,Y [YAQUI],MEXICO,,0
CMSS93Y04052M-1M-0Y,OASIS F 86/SUPER KAUZ//4*BACANORA T 88,122460,2,1563726,BW29846,,,1993,Y [YAQUI],MEXICO,CM,BW,Y,1994,Y [YAQUI],MEXICO,,0
CMSS93Y04053M-3M-0Y,OASIS F 86/SUPER KAUZ//4*BACANORA T 88,122461,6,1563730,BW28457,,,1993,Y [YAQUI],MEXICO,CM,BW,Y,1994,Y [YAQUI],MEXICO,,0
CM43339-C-1Y-1M-2Y-1M-1Y-0B,CIANO F 67/MARIS FUNDIN//MONCHO,124429,6,1586793,BW5991,,,0,,MEXICO,CM,BW,Y,0,"B [EL BATAN, EDO DE MEX]",MEXICO,,0
CMSS93B00025S-48Y-010M-010Y-010M-9Y-0M,KAUZ/PASTOR,133230,236,1630947,BW33890,,,1993,"B [EL BATAN, EDO DE MEX]",MEXICO,CM,BW,Y,1997,"M [TOLUCA, EDO DE MEX]",MEXICO,,0
CMSS93B00025S-48Y-010M-010Y-010M-4Y-0M,KAUZ/PASTOR,133230,231,1630957,BW33276,,,1993,"B [EL BATAN, EDO DE MEX]",MEXICO,CM,BW,Y,1997,"M [TOLUCA, EDO DE MEX]",MEXICO,,0
CMSS93B00223S-24Y-010M-010Y-010M-9Y-0M,WEAVER/4/NACOZARI F 76/TH.ACUTUM//3*PAVON F 76/3/MIRLO/BUCKBUCK,133428,104,1635496,BW33891,,,1993,"B [EL BATAN, EDO DE MEX]",MEXICO,CM,BW,Y,1997,"M [TOLUCA, EDO DE MEX]",MEXICO,,0
CMSS93B00251S-2Y-010M-010Y-010M-7Y-0M,WEAVER/3/LIRA//BUCKBUCK/PAVON F 76,133456,47,1635819,BW31479,,,1993,"B [EL BATAN, EDO DE MEX]",MEXICO,CM,BW,Y,1997,"M [TOLUCA, EDO DE MEX]",MEXICO,,0
CMSS93B00271S-23Y-010M-010Y-010M-6Y-0M,GALVEZ S 87/WEAVER/3/VORONA/CIANO T 79//KAUZ,133476,114,1636202,BW35921,,,1993,"B [EL BATAN, EDO DE MEX]",MEXICO,CM,BW,Y,1997,"M [TOLUCA, EDO DE MEX]",MEXICO,,0
CMSS93B00275S-33Y-010M-010Y-010M-3Y-0M,PASTOR/KAUZ,133480,216,1636586,BW33894,,,1993,"B [EL BATAN, EDO DE MEX]",MEXICO,CM,BW,Y,1997,"M [TOLUCA, EDO DE MEX]",MEXICO,,0
CMSS93B00308S-31Y-010M-010Y-010M-4Y-0M,PASTOR/3/KAUZ*2/OPATA M 85//KAUZ,133513,138,1637606,BW32038,,,1993,"B [EL BATAN, EDO DE MEX]",MEXICO,CM,BW,Y,1997,"M [TOLUCA, EDO DE MEX]",MEXICO,,0
CMSS93B00308S-29Y-010M-010Y-010M-7Y-0M,PASTOR/3/KAUZ*2/OPATA M 85//KAUZ,133513,133,1637620,BW33895,,,1993,"B [EL BATAN, EDO DE MEX]",MEXICO,CM,BW,Y,1997,"M [TOLUCA, EDO DE MEX]",MEXICO,,0
CMSS93B00565S-16Y-010M-010Y-010M-5Y-0M,SITELLA/MOCHIS 73//CETTIA,133770,105,1642335,BW33896,,,1993,"B [EL BATAN, EDO DE MEX]",MEXICO,CM,BW,Y,1997,"M [TOLUCA, EDO DE MEX]",MEXICO,,0
CMSS93B00566S-2Y-010M-010Y-010M-9Y-0M,SITELLA/MOCHIS 73/3/VORONA/BAGULA//BAGULA,133771,37,1642433,BW33897,,,1993,"B [EL BATAN, EDO DE MEX]",MEXICO,CM,BW,Y,1997,"M [TOLUCA, EDO DE MEX]",MEXICO,,0
CMSS93B00567S-72Y-010M-010Y-010M-9Y-0M,SITELLA/MOCHIS 73/4/NACOZARI F 76/TH.ACUTUM//3*PAVON F 76/3/MIRLO/BUCKBUCK,133772,236,1642486,BW33898,,,1993,"B [EL BATAN, EDO DE MEX]",MEXICO,CM,BW,Y,1997,"M [TOLUCA, EDO DE MEX]",MEXICO,,0
CMSS93B00824S-5Y-010M-010Y-010M-1Y-0M,SW89.5181/KAUZ,134029,124,1649008,BW33316,,,1993,"B [EL BATAN, EDO DE MEX]",MEXICO,CM,BW,Y,1997,"M [TOLUCA, EDO DE MEX]",MEXICO,,0
CMSS93B01068S-9Y-010M-010Y-010M-5Y-0M,KAUZ/SITELLA,134273,115,1651705,BW33899,,,1993,"B [EL BATAN, EDO DE MEX]",MEXICO,CM,BW,Y,1997,"M [TOLUCA, EDO DE MEX]",MEXICO,,0
CMSS93B01824M-040Y-73Y-010M-010Y-010M-10Y-0M,CANDO/R143//ENTE/MEXICALI_2/3/AEGILOPS SQUARROSA (TAUS)/4/WEAVER/5/2*KAUZ,135029,256,1671942,BW33901,,,1993,"B [EL BATAN, EDO DE MEX]",MEXICO,CM,BW,Y,1997,"M [TOLUCA, EDO DE MEX]",MEXICO,,0
CMSS93B01824M-040Y-73Y-010M-010Y-010M-8Y-0M,CANDO/R143//ENTE/MEXICALI_2/3/AEGILOPS SQUARROSA (TAUS)/4/WEAVER/5/2*KAUZ,135029,254,1671946,BW35972,,,1993,"B [EL BATAN, EDO DE MEX]",MEXICO,CM,BW,Y,1997,"M [TOLUCA, EDO DE MEX]",MEXICO,,0
CMSS93B01840M-040Y-22Y-010M-010Y-010M-1Y-0M,CHEN/AEGILOPS SQUARROSA (TAUS)//FLYCATCHER/3/2*WEAVER,135045,91,1672866,BW31546,,,1993,"B [EL BATAN, EDO DE MEX]",MEXICO,CM,BW,Y,1997,"M [TOLUCA, EDO DE MEX]",MEXICO,,0
CMSS93B01854T-040Y-27Y-010M-010Y-010M-5Y-0M,CHEN/AEGILOPS SQUARROSA (TAUS)//BACANORA T 88/3/VEERY #7/BOBWHITE/4/PASTOR,135059,222,1673085,BW35604,,,1993,"B [EL BATAN, EDO DE MEX]",MEXICO,CM,BW,Y,1997,"M [TOLUCA, EDO DE MEX]",MEXICO,,0
CRG24-73-O-13Y-0B,SERI M 82*5//AGATHA/6*YECORA F 70,139557,202,1700001,BW38865,,,0,,,CR,BW,N,0,"B [EL BATAN, EDO DE MEX]",MEXICO,,0
CMSW94WM00188S-0300M-0100Y-0100M-15Y-7M-0Y,PAYNE/BAGULA//MILAN,151563,217,1766332,BW36056,,,1994,WM [WINTER MEXICO],MEXICO,CM,BW,Y,1998,Y [YAQUI],MEXICO,,0
CMSW94WM00188S-0300M-0100Y-0100M-13Y-4M-0Y,PAYNE/BAGULA//MILAN,151563,211,1766345,BW33907,,,1994,WM [WINTER MEXICO],MEXICO,CM,BW,Y,1998,Y [YAQUI],MEXICO,,0
CMSW94WM00188S-0300M-0100Y-0100M-10Y-5M-0Y,PAYNE/BAGULA//MILAN,151563,200,1766370,BW33412,,,1994,WM [WINTER MEXICO],MEXICO,CM,BW,Y,1998,Y [YAQUI],MEXICO,,0
CMSS94Y00615S-0300M-0100Y-0100M-6Y-8M-0Y,PICUS/3/KAUZ*2/BOBWHITE//KAUZ,156547,80,1790751,BW33902,,,1994,Y [YAQUI],MEXICO,CM,BW,Y,1998,Y [YAQUI],MEXICO,,0
CMSS94Y02249T-030Y-0300M-0100Y-0100M-4Y-10M-0Y,KAUZ/3/MYNA/VULTURE//BUCKBUCK/FLICKER/4/MILAN,158181,172,1796426,BW33367,,,1994,Y [YAQUI],MEXICO,CM,BW,Y,1998,Y [YAQUI],MEXICO,,0
CMSS94Y02702T-030Y-0300M-0100Y-0100M-13Y-6M-0Y,MUNIA/CHORLITO/3/PFAU/BOBWHITE//VEERY #9/4/CHEN/AEGILOPS SQUARROSA (TAUS)//BACANORA T 88,158634,243,1799716,BW33904,,,1994,Y [YAQUI],MEXICO,CM,BW,Y,1998,Y [YAQUI],MEXICO,,0
CG25-099Y-099M-4Y-2M-3Y-0B,SONOITA F 81/TRAP #1//BAVIACORA M 92,160299,113,1812547,BW32048,,,1993,,MEXICO,CG,BW,Y,1996,"B [EL BATAN, EDO DE MEX]",MEXICO,,0
CG65-099Y-099M-2Y-2M-2Y-0B-2Y,PAVON F 76//CARIANCA 422/ANAHUAC F 75/5/BOBWHITE/CROW//BUCKBUCK/PAVON F 76/3/YECORA F 70/4/TRAP #1,160347,193,1815932,BW32050,,,1993,,MEXICO,CG,BW,Y,1997,Y [YAQUI],MEXICO,,0
CG65-099Y-099M-8Y-6M-1Y-0B,PAVON F 76//CARIANCA 422/ANAHUAC F 75/5/BOBWHITE/CROW//BUCKBUCK/PAVON F 76/3/YECORA F 70/4/TRAP #1,160347,183,1815954,BW32051,,,1993,,MEXICO,CG,BW,Y,1996,"B [EL BATAN, EDO DE MEX]",MEXICO,,0
CG65-099Y-099M-2Y-1M-5Y-0B,PAVON F 76//CARIANCA 422/ANAHUAC F 75/5/BOBWHITE/CROW//BUCKBUCK/PAVON F 76/3/YECORA F 70/4/TRAP #1,160347,155,1816016,BW32049,,,1993,,MEXICO,CG,BW,Y,1996,"B [EL BATAN, EDO DE MEX]",MEXICO,,0
CG68-099Y-099M-10Y-1M-2Y-0B,PAVON F 76/YACO/3/KAUZ*2/TRAP//KAUZ,160351,307,1816173,BW32052,,,1993,,MEXICO,CG,BW,Y,1996,"B [EL BATAN, EDO DE MEX]",MEXICO,,0
CG84-099Y-099M-1Y-4M-5Y-0B,CARIANCA 422/ANAHUAC F 75//YACO/3/KAUZ*2/TRAP//KAUZ,160369,154,1817540,BW32053,,,1993,,MEXICO,CG,BW,Y,1996,"B [EL BATAN, EDO DE MEX]",MEXICO,,0
CRG2469-H-11Y-3B-0Y,SERI M 82*4//AGATHA/6*YECORA F 70/3/SERI M 82,160594,117,1823515,BW29855,,,0,,,CR,BW,Y,0,Y [YAQUI],MEXICO,,0
PB21000-1A-0A-0PAK,V88163,162538,3,1831374,BW27269,,,1992,,PAKISTAN,PB,BW,Y,0,PAK [PAKISTAN],PAKISTAN,,0
CMSS94B00008S-0300M-0100Y-0100M-18Y-7M-0Y,GUAMUCHIL M 92/KAUZ,163794,267,1838323,BW37645,,,1994,"B [EL BATAN, EDO DE MEX]",MEXICO,CM,BW,Y,1998,Y [YAQUI],MEXICO,,0
CGSS95Y00041T-0B-105Y-010B-7Y-0B,WEAVER/TRANSEC//WEAVER/3/WEAVER,203847,502,1982528,BW31587,,,1995,Y [YAQUI],MEXICO,CG,BW,Y,1997,"B [EL BATAN, EDO DE MEX]",MEXICO,,0
CM42402-30Y-1M-1Y-3M-2Y-0B,MN72131/PAVON F 76,204719,10,1987795,CWI2115,,,0,,MEXICO,CM,BW,Y,0,"B [EL BATAN, EDO DE MEX]",MEXICO,,0
CMSS95Y01545S-0100Y-51DH-0B,BOBWHITE/PARULA*3/6/WEIQUE RED MACE/4/FRONTANA/3*THATCHER//KENYA 58/2*NEWTHATCH/3/AUS-6869/5/PELOTAS-ARTHUR/7/HOJA ERECTA 1/3*CIANO T 79//2*SERI M 82,207934,221,2011449,BW32040,,,1995,Y [YAQUI],MEXICO,CM,BW,Y,1997,"B [EL BATAN, EDO DE MEX]",MEXICO,,0
ICW88.0065-5AP-0L-2AP-0L-0AP,BOBWHITE//TEETER/BOBWHITE,212007,5,2031157,BW29106,,,1988,,,IC,BW,Y,0,"AP [ALEPPO,SYRIA]",SYRIA,,0
SWM4275-41M-1Y-4M-1Y-0M,ROW 37/GOHLS 121//KALYANSONA/BLUEBIRD,254741,5,2099196,BW3604,,,0,,,SW,BW,Y,0,"M [TOLUCA, EDO DE MEX]",MEXICO,,0
CM43533-M-1Y-2M-1Y-0M,MILDRESS/MOCHIS 73//POLLO,258415,10,2114149,BW3965,,,0,,MEXICO,CM,BW,Y,0,"M [TOLUCA, EDO DE MEX]",MEXICO,,0
CM35195-1M-3Y-1M-1Y-1B-0Y,SPARROW/GRAJO,258629,6,2117143,BW3409,,,0,,MEXICO,CM,BW,Y,0,Y [YAQUI],MEXICO,,0
CM30326-2M-7Y-3M-1Y-2B-0Y,GALLO/AUSII61.157//CIANO F 67/NOROESTE F 66/3/PAVON F 76,264931,6,2151597,BW9654,,,0,,MEXICO,CM,BW,Y,0,Y [YAQUI],MEXICO,,0
SWM4127-1Y-1M-4Y-2M-1Y-0M,MILDRESS/COCORAQUE F 75,264932,12,2151603,BW3104,,,0,,,SW,BW,Y,0,"M [TOLUCA, EDO DE MEX]",MEXICO,,0
-0ZAF,BSP 93.9,269305,1,2163595,BW27276,,,0,,SOUTH AFRICA,OT,BW,Y,0,ZAF [SOUTH AFRICA],SOUTH AFRICA,,0
-0ZAF,BSP 93.21,269306,1,2163596,BW27275,,,0,,SOUTH AFRICA,OT,BW,Y,0,ZAF [SOUTH AFRICA],SOUTH AFRICA,,0
PB20387-12A-1A-1A-1A-0A-0PAK,BOBWHITE//VIREO/VEERY,269309,6,2163607,BW27268,,,0,,,PB,BW,Y,0,PAK [PAKISTAN],PAKISTAN,,0
CMSS96Y03533M-0100M-4Y-0M,CHUAN MAI 18/5*BACANORA T 88,281054,12,2200733,BW37649,,,1996,Y [YAQUI],MEXICO,CM,BW,Y,1997,"M [TOLUCA, EDO DE MEX]",MEXICO,,0
CMSS96Y03957M-0100M-12Y-0M,CHUAN MAI 18/7*BACANORA T 88,281478,20,2201662,BW37654,,,1996,Y [YAQUI],MEXICO,CM,BW,Y,1997,"M [TOLUCA, EDO DE MEX]",MEXICO,,0
CMSS96Y03957M-0100M-11Y-0M,CHUAN MAI 18/7*BACANORA T 88,281478,19,2201664,BW31559,,,1996,Y [YAQUI],MEXICO,CM,BW,Y,1997,"M [TOLUCA, EDO DE MEX]",MEXICO,,0
CM85836-4Y-0M-0Y-8M-0Y-0IND,NORD DEPREZ/VG9144//KALYANSONA/BLUEBIRD/3/YACO/4/VEERY #5,8890,1549,2430154,BW30655,PBW343,PBW343,0,,MEXICO,CM,BW,Y,0,IND [INDIA],INDIA,INDIA,0
CGSS96Y00146T-099B-099Y-099B-12Y-0B,BABAX/3/FASAN/YECORA F 70//KAUZ/4/2*BABAX,287525,32,2448313,BW33473,,,1996,Y [YAQUI],MEXICO,CG,BW,Y,1998,"B [EL BATAN, EDO DE MEX]",MEXICO,,0
CGSS95B00014T-099Y-099B-099Y-099B-35Y-0B,BABAX/AMADINA//BABAX,260140,83,2448314,BW31605,,,1995,"B [EL BATAN, EDO DE MEX]",MEXICO,CG,BW,Y,1998,"B [EL BATAN, EDO DE MEX]",MEXICO,,0
CGSS95B00014T-099Y-099B-099Y-099B-36Y-0B,BABAX/AMADINA//BABAX,260140,84,2448315,BW32055,,,1995,"B [EL BATAN, EDO DE MEX]",MEXICO,CG,BW,Y,1998,"B [EL BATAN, EDO DE MEX]",MEXICO,,0
CM94680-4Y-0M-0Y-3M-0C,OPATA M 85/WEAVER,20589,58,2450184,BW38051,OPALA-INIA,OPALA,0,,MEXICO,CM,BW,Y,0,C [CHILLAN],CHILE,CHILE,1999
CMSS92Y01399T-2Y-010M-010Y-010Y-5M-0Y-0HTY,KEA/TANAGER/4/THRUSH/3/KALYANSONA/BLUEBIRD//TOQUIFEN I1/5/PAVON/6/,91052,71,2460025,BW33173,,,1992,Y [YAQUI],MEXICO,CM,BW,Y,1999,HTY [HEAT TOLERANCE YAQUI],MEXICO,,0
CMSS93Y00868S-13Y-2KBY-010M-010Y-1M-0KBY-0M-0KBY-0M,CHEN/AEGILOPS SQUARROSA (TAUS)//BACANORA T 88/3/KAUZ,114906,205,2464236,BW35860,,,1993,Y [YAQUI],MEXICO,CM,BW,Y,1998,"M [TOLUCA, EDO DE MEX]",MEXICO,,0
CMSS93Y01031S-13Y-5KBY-010M-010Y-9M-0KBY-0M-0KBY-0M,CROCETHIA_1/AE.SQUARROSA (205)//KAUZ/3/ATTILA,118879,249,2464628,BW33885,,,1993,Y [YAQUI],MEXICO,CM,BW,Y,1998,"M [TOLUCA, EDO DE MEX]",MEXICO,,0
CMSS93Y01031S-13Y-5KBY-010M-010Y-6M-0KBY-0M-0KBY-0M,CROCETHIA_1/AE.SQUARROSA (205)//KAUZ/3/ATTILA,118879,246,2464631,BW31412,,,1993,Y [YAQUI],MEXICO,CM,BW,Y,1998,"M [TOLUCA, EDO DE MEX]",MEXICO,,0
CMSS95Y00556S-0100Y-0200M-15Y-010M-5Y-0Y,PARANA 2//JUPATECO F 73/BLUEJAY/3/VEERY/JUNCO/4/2*KAUZ/5/BOBWHITE/PARULA//BUCKBUCK,206941,157,2484301,BW38072,,,1995,Y [YAQUI],MEXICO,CM,BW,Y,1999,Y [YAQUI],MEXICO,,0
CMSS95Y00556S-0100Y-0200M-6Y-010M-6Y-0Y,PARANA 2//JUPATECO F 73/BLUEJAY/3/VEERY/JUNCO/4/2*KAUZ/5/BOBWHITE/PARULA//BUCKBUCK,206941,145,2484313,BW35607,,,1995,Y [YAQUI],MEXICO,CM,BW,Y,1999,Y [YAQUI],MEXICO,,0
CMSS95Y00564S-0100Y-0200M-12Y-010M-1Y-0Y,BOBWHITE/URES T 81//2*WEAVER/3/BOBWHITE/PARULA//BUCKBUCK,206949,133,2484320,BW36008,,,1995,Y [YAQUI],MEXICO,CM,BW,Y,1999,Y [YAQUI],MEXICO,,0
CMSS95Y01036S-4Y-010M-010Y-010M-25Y-0Y,CHEN/AEGILOPS SQUARROSA (TAUS)//BACANORA T 88/3/CMH81.38/2*KAUZ,207425,69,2485043,BW35611,,,1995,Y [YAQUI],MEXICO,CM,BW,Y,1999,Y [YAQUI],MEXICO,,0
CMSS95Y01036S-4Y-010M-010Y-010M-5Y-0Y,CHEN/AEGILOPS SQUARROSA (TAUS)//BACANORA T 88/3/CMH81.38/2*KAUZ,207425,62,2485050,BW36015,,,1995,Y [YAQUI],MEXICO,CM,BW,Y,1999,Y [YAQUI],MEXICO,,0
CMSS95Y01089S-2Y-010M-010Y-010M-40Y-0Y,CHEN/AEGILOPS SQUARROSA (TAUS)//TURACO/4/HERMOSILLO PROTEINA//CMH75A.66/SERI M 82/3/CMH76.173/CIANO T 79,207478,239,2485148,BW36024,,,1995,Y [YAQUI],MEXICO,CM,BW,Y,1999,Y [YAQUI],MEXICO,,0
CMSS95Y01244S-0100Y-0200M-12Y-010M-2Y-0Y,VEERY/PAJONAL//KAUZ/3/PASTOR,207633,167,2485260,BW35613,,,1995,Y [YAQUI],MEXICO,CM,BW,Y,1999,Y [YAQUI],MEXICO,,0
CMSS95Y01581S-17Y-010M-010Y-010M-15Y-0Y,HOOPOE/TANAGER//VEERY/3/2*PAPAGO M 86/4/CHEN/AEGILOPS SQUARROSA (TAUS)//BACANORA T 88,207970,117,2485890,BW35614,,,1995,Y [YAQUI],MEXICO,CM,BW,Y,1999,Y [YAQUI],MEXICO,,0
CMSS95Y01596S-4Y-010M-010Y-010M-17Y-0Y,TEPOCA T 89//FALKE/BISHOFTU/3/CHEN/AEGILOPS SQUARROSA (TAUS)//BACANORA T 88,207985,89,2485913,BW36041,,,1995,Y [YAQUI],MEXICO,CM,BW,Y,1999,Y [YAQUI],MEXICO,,0
CMSS95Y01596S-4Y-010M-010Y-010M-14Y-0Y,TEPOCA T 89//FALKE/BISHOFTU/3/CHEN/AEGILOPS SQUARROSA (TAUS)//BACANORA T 88,207985,87,2485915,BW37174,,,1995,Y [YAQUI],MEXICO,CM,BW,Y,1999,Y [YAQUI],MEXICO,,0
CMSS95Y01596S-4Y-010M-010Y-010M-9Y-0Y,TEPOCA T 89//FALKE/BISHOFTU/3/CHEN/AEGILOPS SQUARROSA (TAUS)//BACANORA T 88,207985,82,2485920,BW35615,,,1995,Y [YAQUI],MEXICO,CM,BW,Y,1999,Y [YAQUI],MEXICO,,0
CMSS95Y03317T-055M-4Y-010M-010Y-010M-20Y-0Y,CROCETHIA_1/AE.SQUARROSA (224)//OPATA M 85/3/KAUZ*2/BOBWHITE//KAUZ/4/NL 683,210539,110,2487807,BW38076,,,1995,Y [YAQUI],MEXICO,CM,BW,Y,1999,Y [YAQUI],MEXICO,,0
CMBW91M03009M-0TOPY-20M-010Y-010M-010Y-2Y-0M-5KBY-0Y,SUPER KAUZ/2*STAR,83302,74,2586622,BW33869,,,1991,"M [TOLUCA, EDO DE MEX]",MEXICO,CM,BW,Y,1999,Y [YAQUI],MEXICO,,0
CMSS93Y00868S-13Y-3KBY-010M-010Y-1M-0KBY-0M-10KBY-0Y,CHEN/AEGILOPS SQUARROSA (TAUS)//BACANORA T 88/3/KAUZ,114906,319,2588632,BW35863,,,1993,Y [YAQUI],MEXICO,CM,BW,Y,1999,Y [YAQUI],MEXICO,,0
CMSS93Y00868S-13Y-2KBY-010M-010Y-8M-0KBY-0M-12KBY-0Y,CHEN/AEGILOPS SQUARROSA (TAUS)//BACANORA T 88/3/KAUZ,114906,317,2588634,BW33880,,,1993,Y [YAQUI],MEXICO,CM,BW,Y,1999,Y [YAQUI],MEXICO,,0
CMSS93Y01001S-12Y-1KBY-010M-010Y-1M-0KBY-0M-2KBY-0Y,CROCETHIA_1/AE.SQUARROSA (205)//KAUZ/3/SASIA,118849,303,2588696,BW33232,,,1993,Y [YAQUI],MEXICO,CM,BW,Y,1999,Y [YAQUI],MEXICO,,0
CGSS95B00006T-099Y-099B-099Y-099B-18Y-0B,BABAX.1B.1B//ESMERALDA M 86/VEERY #10/3/BABAX,260132,38,2600794,BW32054,,,1995,"B [EL BATAN, EDO DE MEX]",MEXICO,CG,BW,Y,1998,"B [EL BATAN, EDO DE MEX]",MEXICO,,0
CGSS95B00018T-099Y-099B-099Y-099B-3Y-0B,BABAX/9/KENTANA/BAGE//FRONTANA/URQUIZA O GRAL. URQUIZA/3/BONZA/4/TORIM F 73/5/ALDAN/6/SERI M 82/7/VEERY #10/8/OPATA M 85/10/BABAX,260144,33,2601500,BW32056,,,1995,"B [EL BATAN, EDO DE MEX]",MEXICO,CG,BW,Y,1998,"B [EL BATAN, EDO DE MEX]",MEXICO,,0
CGSS96B00211S-099B-034Y-38B-0Y,SUPER KAUZ/KS94U215//SUPER KAUZ,313288,53,2620837,BW35616,,,1996,"B [EL BATAN, EDO DE MEX]",MEXICO,CG,BW,Y,1999,Y [YAQUI],MEXICO,,0
CGSS96B00220S-099B-018Y-28B-0Y,BABAX/LR 39//BABAX,313297,59,2621094,BW35617,,,1996,"B [EL BATAN, EDO DE MEX]",MEXICO,CG,BW,Y,1999,Y [YAQUI],MEXICO,,0
CGSS96B00224S-099B-015Y-25B-0Y,BABAX/LR43//BABAX,313301,36,2621166,BW35620,,,1996,"B [EL BATAN, EDO DE MEX]",MEXICO,CG,BW,Y,1999,Y [YAQUI],MEXICO,,0
,,384554,1,2668072,,,,0,,,,,N,0,,,,0
-0NPL,BL 1724,384555,1,2668073,BW38058,,,0,,NEPAL,OT,BW,Y,0,NPL [NEPAL],NEPAL,,0
CMSS93Y01512S-040M-0100Y-015Y-040M-020Y-0M-3Y-0M,PARULA/ICTA SARA 82//TESIA F 79/VEERY #5/3/DUCULA,119362,120,3578390,BW35594,,,1993,Y [YAQUI],MEXICO,CM,BW,Y,1999,"M [TOLUCA, EDO DE MEX]",MEXICO,,0
CMSS93Y00109S-040M-0100Y-015Y-040M-020Y-0M-33Y-0M,BOBWHITE/PARULA//BUCKBUCK/3/WH576,113901,130,3578468,BW35851,,,1993,Y [YAQUI],MEXICO,CM,BW,Y,1999,"M [TOLUCA, EDO DE MEX]",MEXICO,,0
CGSS97Y00034M-099TOPB-027Y-099M-099Y-099M-27Y-0B,PARULA/2*PASTOR,320356,163,3822784,BW35623,,,1997,Y [YAQUI],MEXICO,CG,BW,Y,2000,"B [EL BATAN, EDO DE MEX]",MEXICO,,0
CGSS97Y00007M-099TOPB-064Y-099M-099Y-099M-1Y-0B,PBW 65/2*SERI.1B,320329,36,3825284,BW35621,,,1997,Y [YAQUI],MEXICO,CG,BW,Y,2000,"B [EL BATAN, EDO DE MEX]",MEXICO,,0
CGSS97Y00043F-099TOPB-055Y-099M-099Y-099M-10Y-0B,ATTILA*2/PASTOR,320365,61,3825285,BW35624,,,1997,Y [YAQUI],MEXICO,CG,BW,Y,2000,"B [EL BATAN, EDO DE MEX]",MEXICO,,0
CGSS97Y00010T-099TOPB-044Y-099M-099Y-099M-15Y-0B,PFAU/SERI.1B//AMADINA,320332,48,3826177,BW35622,,,1997,Y [YAQUI],MEXICO,CG,BW,Y,2000,"B [EL BATAN, EDO DE MEX]",MEXICO,,0
CGSS97B00001F-099TOPY-099B-099Y-099M-14Y-0B,HUW234+LR34*2//PARULA/VEERY #10,334561,129,3826178,BW35625,,,1997,"B [EL BATAN, EDO DE MEX]",MEXICO,CG,BW,Y,2000,"B [EL BATAN, EDO DE MEX]",MEXICO,,0
CGSS97B00003F-099TOPY-099B-099Y-099M-13Y-0B,HUW234+LR34*2/PASTOR,334563,56,3826179,BW35626,,,1997,"B [EL BATAN, EDO DE MEX]",MEXICO,CG,BW,Y,2000,"B [EL BATAN, EDO DE MEX]",MEXICO,,0
CMSS96M03611S-1M-010SY-010M-010SY-8M-0Y,SUPER KAUZ/BAVIACORA M 92,304373,72,3827748,BW37251,,,1996,"B [EL BATAN, EDO DE MEX]",MEXICO,CM,BW,Y,2000,Y [YAQUI],MEXICO,,0
CMSS96M01068S-050M-040Y-0100M-020Y-20M-0Y,PBW343/TONICHI S 81,301830,48,3827757,BW37231,,,1996,"M [TOLUCA, EDO DE MEX]",MEXICO,CM,BW,Y,2000,Y [YAQUI],MEXICO,,0
CMSS96M00871S-050M-040Y-0100M-020Y-18M-0Y,CHIBIA//PARULA II/CM65531,301633,33,3827759,BW37228,,,1996,"M [TOLUCA, EDO DE MEX]",MEXICO,CM,BW,Y,2000,Y [YAQUI],MEXICO,,0
CMSS96M04411T-040Y-050M-040Y-0100M-020Y-35M-0Y,WL 6736/2*WEAVER//WH 542/3/BORLAUG M 95,305262,50,3827762,BW37253,,,1996,"M [TOLUCA, EDO DE MEX]",MEXICO,CM,BW,Y,2000,Y [YAQUI],MEXICO,,0
CMSS96Y02555S-040Y-020M-050SY-020SY-6M-0Y,CROCETHIA_1/AE.SQUARROSA (224)//OPATA M 85/3/PASTOR,279807,53,3827768,BW35698,,,1996,Y [YAQUI],MEXICO,CM,BW,Y,2000,Y [YAQUI],MEXICO,,0
CMSS96Y02484S-040Y-020M-050SY-020SY-23M-0Y,FIRETAIL/PROINTA FEDERAL,279736,50,3827770,BW37197,,,1996,Y [YAQUI],MEXICO,CM,BW,Y,2000,Y [YAQUI],MEXICO,,0
CMSS96M01068S-050M-040Y-0100M-020Y-28M-0Y,PBW343/TONICHI S 81,301830,51,3827771,BW37232,,,1996,"M [TOLUCA, EDO DE MEX]",MEXICO,CM,BW,Y,2000,Y [YAQUI],MEXICO,,0
CMSS96M03121S-6M-010SY-010M-010SY-3M-0Y,MILAN/KAUZ//CHILERO/CHUAN MAI 18,303883,42,3827774,BW37246,,,1996,"M [TOLUCA, EDO DE MEX]",MEXICO,CM,BW,Y,2000,Y [YAQUI],MEXICO,,0
CMSS95M01363T-050Y-0100M-050Y-050M-040Y-030M-9Y-010M-0Y,CALIDAD/NH//H567.71/3/SERI M 82/4/CALIDAD/NH//H567.71/5/2*KAUZ/6/WH576/7/WH 542,257058,29,3830032,BW38077,,,1995,"M [TOLUCA, EDO DE MEX]",MEXICO,CM,BW,Y,2000,Y [YAQUI],MEXICO,,0
CMSS95Y00539S-3Y-010M-010Y-010M-39Y-0Y-3M-0Y,CHEN/AEGILOPS SQUARROSA (TAUS)//BACANORA T 88/3/BAVIACORA M 92,206924,125,3830034,BW37147,,,1995,Y [YAQUI],MEXICO,CM,BW,Y,2001,Y [YAQUI],MEXICO,,0
CMSS96M01560S-050M-040Y-0100M-020Y-41M-0Y,CROCETHIA_1/AE.SQUARROSA (205)//KAUZ/3/PASTOR,302322,59,3830068,BW37239,,,1996,"M [TOLUCA, EDO DE MEX]",MEXICO,CM,BW,Y,2000,Y [YAQUI],MEXICO,,0
CMSS96M01558S-050M-040Y-0100M-020Y-52M-0Y,CROCETHIA_1/AE.SQUARROSA (205)//KAUZ/3/PASTOR,302320,79,3830069,BW37237,,,1996,"M [TOLUCA, EDO DE MEX]",MEXICO,CM,BW,Y,2000,Y [YAQUI],MEXICO,,0
CMSS95Y01596S-4Y-010M-010Y-010M-17Y-0Y-1M-0Y,TEPOCA T 89//FALKE/BISHOFTU/3/CHEN/AEGILOPS SQUARROSA (TAUS)//BACANORA T 88,207985,135,3830083,BW37176,,,1995,Y [YAQUI],MEXICO,CM,BW,Y,2001,Y [YAQUI],MEXICO,,0
CMHW98Y00341S-21DH-0Y,OTUS/TOBARITO M 97,378456,198,3830109,BW37274,,,1998,Y [YAQUI],MEXICO,CM,BW,Y,2001,Y [YAQUI],MEXICO,,0
CMHW98Y00341S-42DH-0Y,OTUS/TOBARITO M 97,378456,207,3830114,BW37276,,,1998,Y [YAQUI],MEXICO,CM,BW,Y,2001,Y [YAQUI],MEXICO,,0
CMSS96M05696T-040Y-16M-010SY-010M-010SY-9M-0Y,SERI M 82*3//RL6010/4*YECORA F 70/3/PASTOR/4/BAVIACORA M 92,306547,128,3830128,BW37263,,,1996,"M [TOLUCA, EDO DE MEX]",MEXICO,CM,BW,Y,2000,Y [YAQUI],MEXICO,,0
CMSS96M02218S-050M-040Y-0100M-020Y-14M-0Y,SHANGHAI #7/VEERY #5/5/VEERY #8//JUPATECO F 73/BLUEJAY/3/F3.71/TORIM F 73/4/2*WEAVER,302980,52,3830130,BW37241,,,1996,"M [TOLUCA, EDO DE MEX]",MEXICO,CM,BW,Y,2000,Y [YAQUI],MEXICO,,0
CMSS96Y02911T-050M-5Y-010M-010Y-010M-4Y-010M-0Y,VEERY/PAJONAL//2*TUI/3/PFAU/BOBWHITE//VEERY #9/4/PASTOR,280432,59,3830162,BW37202,,,1996,Y [YAQUI],MEXICO,CM,BW,Y,2000,Y [YAQUI],MEXICO,,0
CMSS95Y01244S-0100Y-0200M-10Y-010M-5Y-0Y-1M-0Y,VEERY/PAJONAL//KAUZ/3/PASTOR,207633,193,3830165,BW37158,,,1995,Y [YAQUI],MEXICO,CM,BW,Y,2001,Y [YAQUI],MEXICO,,0
CMSS96M00617S-050M-040Y-0100M-020Y-41M-0Y,VORONA/CIANO T 79//KAUZ/3/MILAN,301379,72,3830167,BW37220,,,1996,"M [TOLUCA, EDO DE MEX]",MEXICO,CM,BW,Y,2000,Y [YAQUI],MEXICO,,0
CMSS96M02443S-4M-010SY-010M-010SY-5M-0Y,CORYDON/SITTICH,303205,54,3830184,BW37310,,,1996,"M [TOLUCA, EDO DE MEX]",MEXICO,CM,BW,Y,2000,Y [YAQUI],MEXICO,,0
CMSS95Y01596S-4Y-010M-010Y-010M-14Y-0Y-1M-0Y,TEPOCA T 89//FALKE/BISHOFTU/3/CHEN/AEGILOPS SQUARROSA (TAUS)//BACANORA T 88,207985,132,3830198,BW38075,,,1995,Y [YAQUI],MEXICO,CM,BW,Y,2001,Y [YAQUI],MEXICO,,0
CMSS96M00632S-050M-040Y-0100M-020Y-2M-0Y,KAUZ*2/CHEN//BACANORA T 88/3/MILAN,301394,53,3830201,BW37221,,,1996,"M [TOLUCA, EDO DE MEX]",MEXICO,CM,BW,Y,2000,Y [YAQUI],MEXICO,,0
CMHW98Y00341S-54DH-0Y,OTUS/TOBARITO M 97,378456,215,3830206,BW37277,,,1998,Y [YAQUI],MEXICO,CM,BW,Y,2001,Y [YAQUI],MEXICO,,0
CM78108-3M-02Y-02M-17Y-0B,URES T 81/BOBWHITE,8148,199,3831054,BW38846,,,0,,MEXICO,CM,BW,N,0,"B [EL BATAN, EDO DE MEX]",MEXICO,,0
CMSS95Y01244S-0100Y-0200M-10Y-010M-5Y-0Y-2M-0Y,VEERY/PAJONAL//KAUZ/3/PASTOR,207633,194,3848142,BW37159,,,1995,Y [YAQUI],MEXICO,CM,BW,Y,2001,Y [YAQUI],MEXICO,,0
CMSS95Y03317T-055M-4Y-010M-010Y-010M-25Y-0Y-2M-0Y,CROCETHIA_1/AE.SQUARROSA (224)//OPATA M 85/3/KAUZ*2/BOBWHITE//KAUZ/4/NL 683,210539,154,3848815,BW37184,,,1995,Y [YAQUI],MEXICO,CM,BW,Y,2001,Y [YAQUI],MEXICO,,0
CMSS95B00046S-0100M-050Y-050M-040Y-030M-6Y-010M-0Y,CHIBIA/4/PAPAGO M 86//CROCETHIA_1/AE.SQUARROSA (224)/3/2*BORLAUG M 95,255675,22,3849968,BW37187,,,1995,"B [EL BATAN, EDO DE MEX]",MEXICO,CM,BW,Y,2000,Y [YAQUI],MEXICO,,0
CMSS96Y02484S-040Y-020M-050SY-020SY-4M-0Y,FIRETAIL/PROINTA FEDERAL,279736,45,3854950,BW37199,,,1996,Y [YAQUI],MEXICO,CM,BW,Y,2000,Y [YAQUI],MEXICO,,0
CMSS96Y02567S-040Y-020M-050SY-020SY-4M-0Y,BLUEJAY/COCORAQUE F 75//PARULA/BOBWHITE/3/ATTILA,279819,54,3855090,BW36911,,,1996,Y [YAQUI],MEXICO,CM,BW,Y,2000,Y [YAQUI],MEXICO,,0
CMSS96Y02574S-040Y-020M-050SY-020SY-31M-0Y,PARUS/PASTOR,279826,71,3855110,BW37200,,,1996,Y [YAQUI],MEXICO,CM,BW,Y,2000,Y [YAQUI],MEXICO,,0
CMSS96Y03204F-050M-040Y-020M-050SY-020SY-38M-0Y,PAJONAL/BOBWHITE//OPATA M 85*2/3/CROCETHIA_1/AE.SQUARROSA (224)//OPATA M 85,280725,74,3855646,BW37206,,,1996,Y [YAQUI],MEXICO,CM,BW,Y,2000,Y [YAQUI],MEXICO,,0
CMSS96Y03228T-050M-040Y-020M-050SY-020SY-21M-0Y,URES T 81/BROADBILL//KAUZ/3/KAUZ/4/CHEN/AEGILOPS SQUARROSA (TAUS)//BACANORA T 88/5/URES T 81/JUNCO//KAUZ,280749,42,3855675,BW37208,,,1996,Y [YAQUI],MEXICO,CM,BW,Y,2000,Y [YAQUI],MEXICO,,0
CMSS96M00386S-050M-040Y-0100M-020Y-10M-0Y,PASTOR/CP68.88.5.6,301148,38,3863169,BW37309,,,1996,"M [TOLUCA, EDO DE MEX]",MEXICO,CM,BW,Y,2000,Y [YAQUI],MEXICO,,0
CMSS96M00408S-050M-040Y-0100M-020Y-40M-0Y,"VEERY/SUNBIRD,MEX//BUCKBUCK/PAVON F 76/3/PARUS",301170,81,3863186,BW37219,,,1996,"M [TOLUCA, EDO DE MEX]",MEXICO,CM,BW,Y,2000,Y [YAQUI],MEXICO,,0
CMSS96M03098S-12M-010SY-010M-010SY-3M-0Y,GENARO T 81*2//BUCKBUCK/FLICKER/3/BUCHIN,303860,47,3864287,BW37243,,,1996,"M [TOLUCA, EDO DE MEX]",MEXICO,CM,BW,Y,2000,Y [YAQUI],MEXICO,,0
CMSS96M03539S-10M-010SY-010M-010SY-6M-0Y,BUCKBUCK/MN72253//PASTOR,304301,62,3865255,BW37249,,,1996,"M [TOLUCA, EDO DE MEX]",MEXICO,CM,BW,Y,2000,Y [YAQUI],MEXICO,,0
CMSS96M05696T-040Y-20M-010SY-010M-010SY-4M-0Y,SERI M 82*3//RL6010/4*YECORA F 70/3/PASTOR/4/BAVIACORA M 92,306547,129,3868700,BW36894,,,1996,"M [TOLUCA, EDO DE MEX]",MEXICO,CM,BW,Y,2000,Y [YAQUI],MEXICO,,0
CMSS96M05710T-040Y-9M-010SY-010M-010SY-9M-0Y,VEERY #8//HD 2206/HORK/3/PRINIA/4/URES T 81/JUNCO//KAUZ,306561,40,3868812,BW37311,,,1996,"M [TOLUCA, EDO DE MEX]",MEXICO,CM,BW,Y,2000,Y [YAQUI],MEXICO,,0
CMBW90Y3180-0TOPM-3Y-010M-010M-010Y-6M-015Y-0Y-4KBY-0KBY-0M,OPATA M 85/RAYON F 89//KAUZ,67613,97,4057141,BW38060,,,1990,Y [YAQUI],MEXICO,CM,BW,Y,2000,"M [TOLUCA, EDO DE MEX]",MEXICO,,0
CMBW90Y3180-0TOPM-3Y-010M-010M-010Y-10M-015Y-0Y-3KBY-0KBY-0M,OPATA M 85/RAYON F 89//KAUZ,67613,96,4057142,BW35584,,,1990,Y [YAQUI],MEXICO,CM,BW,Y,2000,"M [TOLUCA, EDO DE MEX]",MEXICO,,0
CMSS93B00566S-2Y-010M-010Y-010M-1Y-0M-0KBY-0KBY-0M,SITELLA/MOCHIS 73/3/VORONA/BAGULA//BAGULA,133771,85,4057151,BW35932,,,1993,"B [EL BATAN, EDO DE MEX]",MEXICO,CM,BW,Y,2000,"M [TOLUCA, EDO DE MEX]",MEXICO,,0
CMSS93B01856M-040Y-43Y-010M-010Y-010M-1Y-0M-2KBY-0KBY-0M,CHEN/AEGILOPS SQUARROSA (TAUS)//BACANORA T 88/3/2*KAUZ,135061,135,4057155,BW35981,,,1993,"B [EL BATAN, EDO DE MEX]",MEXICO,CM,BW,Y,2000,"M [TOLUCA, EDO DE MEX]",MEXICO,,0
CMSS93B00223S-24Y-010M-010Y-010M-6Y-0M-3KBY-0KBY-0M,WEAVER/4/NACOZARI F 76/TH.ACUTUM//3*PAVON F 76/3/MIRLO/BUCKBUCK,133428,150,4059217,BW37909,,,1993,"B [EL BATAN, EDO DE MEX]",MEXICO,CM,BW,Y,2000,"M [TOLUCA, EDO DE MEX]",MEXICO,,0
CMSS93B00025S-48Y-010M-010Y-010M-7Y-0M-4KBY-0KBY-0M,KAUZ/PASTOR,133230,386,4059227,BW35909,,,1993,"B [EL BATAN, EDO DE MEX]",MEXICO,CM,BW,Y,2000,"M [TOLUCA, EDO DE MEX]",MEXICO,,0
CMSS93B01856M-040Y-43Y-010M-010Y-010M-10Y-0M-3KBY-0KBY-0M,CHEN/AEGILOPS SQUARROSA (TAUS)//BACANORA T 88/3/2*KAUZ,135061,136,4062993,BW35982,,,1993,"B [EL BATAN, EDO DE MEX]",MEXICO,CM,BW,Y,2000,"M [TOLUCA, EDO DE MEX]",MEXICO,,0
CMSS92M00652S-015M-0Y-0Y-050M-24Y-2M-0Y-2KBY-0KBY-0M,WEAVER/PRINIA,99262,89,4066585,BW35588,,,1992,"M [TOLUCA, EDO DE MEX]",MEXICO,CM,BW,Y,2000,"M [TOLUCA, EDO DE MEX]",MEXICO,,0
CMSS93B00275S-56Y-010M-010Y-010M-2Y-0M-3KBY-0KBY-0M,PASTOR/KAUZ,133480,411,4069736,BW35927,,,1993,"B [EL BATAN, EDO DE MEX]",MEXICO,CM,BW,Y,2000,"M [TOLUCA, EDO DE MEX]",MEXICO,,0
CMSS93B00567S-71Y-010M-010Y-010M-5Y-0M-3KBY-0KBY-0M,SITELLA/MOCHIS 73/4/NACOZARI F 76/TH.ACUTUM//3*PAVON F 76/3/MIRLO/BUCKBUCK,133772,389,4069854,BW35944,,,1993,"B [EL BATAN, EDO DE MEX]",MEXICO,CM,BW,Y,2000,"M [TOLUCA, EDO DE MEX]",MEXICO,,0
TR780172-10R-3R-1R-0R,JARAL F 66/SALTO//TOLUCA 73/SALTO/4/BLUEBIRD/CIANO F 67/3/CIANO F 67/TOTA 63//JARAL F 66/5/2F5/2F2//SALTO,407602,4,4937014,BW38842,,,0,,MEXICO,TR,BW,N,0,"R [ROQUE,GTO]",MEXICO,,0
